"","stnr","year","month","day","hour","ntime","value","nvalue","DQC","KDVHflag","plausible","err.ext","blist.perm","blist.curr"
"1",201300,2014,7,7,6,1,NA,NA,NA,NA,TRUE,FALSE,FALSE,FALSE
"2",201900,2014,7,7,6,1,NA,1,NA,NA,TRUE,FALSE,FALSE,FALSE
"3",202000,2014,7,7,6,1,NA,NA,NA,NA,TRUE,FALSE,FALSE,FALSE
"4",202400,2014,7,7,6,1,NA,NA,NA,NA,TRUE,FALSE,FALSE,FALSE
"5",202900,2014,7,7,6,1,NA,NA,NA,NA,TRUE,FALSE,FALSE,FALSE
"6",203100,2014,7,7,6,1,NA,NA,NA,NA,TRUE,FALSE,FALSE,FALSE
"7",203600,2014,7,7,6,1,NA,1,NA,NA,TRUE,FALSE,FALSE,FALSE
"8",203800,2014,7,7,6,1,NA,NA,NA,NA,TRUE,FALSE,FALSE,FALSE
"9",204400,2014,7,7,6,1,NA,NA,NA,NA,TRUE,FALSE,FALSE,FALSE
"10",204900,2014,7,7,6,1,NA,1,NA,NA,TRUE,FALSE,FALSE,FALSE
"11",205400,2014,7,7,6,1,NA,NA,NA,NA,TRUE,FALSE,FALSE,FALSE
"12",205500,2014,7,7,6,1,NA,NA,NA,NA,TRUE,FALSE,FALSE,FALSE
"13",206400,2014,7,7,6,1,NA,NA,NA,NA,TRUE,FALSE,FALSE,FALSE
"14",207200,2014,7,7,6,1,NA,NA,NA,NA,TRUE,FALSE,FALSE,FALSE
"15",208000,2014,7,7,6,1,NA,NA,NA,NA,TRUE,FALSE,FALSE,FALSE
"16",208100,2014,7,7,6,1,NA,1,NA,NA,TRUE,FALSE,FALSE,FALSE
"17",209500,2014,7,7,6,1,NA,1,NA,NA,TRUE,FALSE,FALSE,FALSE
"18",209600,2014,7,7,6,1,NA,NA,NA,NA,TRUE,FALSE,FALSE,FALSE
"19",210100,2014,7,7,6,1,NA,NA,NA,NA,TRUE,FALSE,FALSE,FALSE
"20",210200,2014,7,7,6,1,NA,NA,NA,NA,TRUE,FALSE,FALSE,FALSE
"21",210300,2014,7,7,6,1,NA,NA,NA,NA,TRUE,FALSE,FALSE,FALSE
"22",211000,2014,7,7,6,1,NA,1,NA,NA,TRUE,FALSE,FALSE,FALSE
"23",211900,2014,7,7,6,1,NA,1,NA,NA,TRUE,FALSE,FALSE,FALSE
"24",212000,2014,7,7,6,1,NA,NA,NA,NA,TRUE,FALSE,FALSE,FALSE
"25",212100,2014,7,7,6,1,NA,NA,NA,NA,TRUE,FALSE,FALSE,FALSE
"26",212400,2014,7,7,6,1,NA,1,NA,NA,TRUE,FALSE,FALSE,FALSE
"27",212600,2014,7,7,6,1,NA,1,NA,NA,TRUE,FALSE,FALSE,FALSE
"28",212800,2014,7,7,6,1,NA,NA,NA,NA,TRUE,FALSE,FALSE,FALSE
"29",213000,2014,7,7,6,1,NA,NA,NA,NA,TRUE,FALSE,FALSE,FALSE
"30",213500,2014,7,7,6,1,NA,NA,NA,NA,TRUE,FALSE,FALSE,FALSE
"31",214100,2014,7,7,6,1,NA,NA,NA,NA,TRUE,FALSE,FALSE,FALSE
"32",214600,2014,7,7,6,1,NA,NA,NA,NA,TRUE,FALSE,FALSE,FALSE
"33",214700,2014,7,7,6,1,NA,NA,NA,NA,TRUE,FALSE,FALSE,FALSE
"34",215100,2014,7,7,6,1,NA,1,NA,NA,TRUE,FALSE,FALSE,FALSE
"35",220700,2014,7,7,6,1,NA,NA,NA,NA,TRUE,FALSE,FALSE,FALSE
"36",220900,2014,7,7,6,1,NA,NA,NA,NA,TRUE,FALSE,FALSE,FALSE
"37",221600,2014,7,7,6,1,NA,NA,NA,NA,TRUE,FALSE,FALSE,FALSE
"38",221700,2014,7,7,6,1,NA,NA,NA,NA,TRUE,FALSE,FALSE,FALSE
"39",221900,2014,7,7,6,1,NA,1,NA,NA,TRUE,FALSE,FALSE,FALSE
"40",222100,2014,7,7,6,1,NA,1,NA,NA,TRUE,FALSE,FALSE,FALSE
"41",222600,2014,7,7,6,1,NA,NA,NA,NA,TRUE,FALSE,FALSE,FALSE
"42",223000,2014,7,7,6,1,NA,NA,NA,NA,TRUE,FALSE,FALSE,FALSE
"43",223100,2014,7,7,6,1,NA,NA,NA,NA,TRUE,FALSE,FALSE,FALSE
"44",223300,2014,7,7,6,1,NA,NA,NA,NA,TRUE,FALSE,FALSE,FALSE
"45",223600,2014,7,7,6,1,NA,NA,NA,NA,TRUE,FALSE,FALSE,FALSE
"46",224200,2014,7,7,6,1,NA,NA,NA,NA,TRUE,FALSE,FALSE,FALSE
"47",224300,2014,7,7,6,1,NA,1,NA,NA,TRUE,FALSE,FALSE,FALSE
"48",224400,2014,7,7,6,1,NA,NA,NA,NA,TRUE,FALSE,FALSE,FALSE
"49",224500,2014,7,7,6,1,NA,1,NA,NA,TRUE,FALSE,FALSE,FALSE
"50",224700,2014,7,7,6,1,NA,1,NA,NA,TRUE,FALSE,FALSE,FALSE
"51",225400,2014,7,7,6,1,NA,NA,NA,NA,TRUE,FALSE,FALSE,FALSE
"52",225600,2014,7,7,6,1,NA,NA,NA,NA,TRUE,FALSE,FALSE,FALSE
"53",230200,2014,7,7,6,1,NA,NA,NA,NA,TRUE,FALSE,FALSE,FALSE
"54",230300,2014,7,7,6,1,NA,NA,NA,NA,TRUE,FALSE,FALSE,FALSE
"55",230700,2014,7,7,6,1,NA,NA,NA,NA,TRUE,FALSE,FALSE,FALSE
"56",230800,2014,7,7,6,1,NA,1,NA,NA,TRUE,FALSE,FALSE,FALSE
"57",231100,2014,7,7,6,1,NA,NA,NA,NA,TRUE,FALSE,FALSE,FALSE
"58",231700,2014,7,7,6,1,NA,NA,NA,NA,TRUE,FALSE,FALSE,FALSE
"59",231900,2014,7,7,6,1,NA,NA,NA,NA,TRUE,FALSE,FALSE,FALSE
"60",232100,2014,7,7,6,1,NA,NA,NA,NA,TRUE,FALSE,FALSE,FALSE
"61",232400,2014,7,7,6,1,NA,NA,NA,NA,TRUE,FALSE,FALSE,FALSE
"62",232500,2014,7,7,6,1,NA,NA,NA,NA,TRUE,FALSE,FALSE,FALSE
"63",232700,2014,7,7,6,1,NA,NA,NA,NA,TRUE,FALSE,FALSE,FALSE
"64",232900,2014,7,7,6,1,NA,NA,NA,NA,TRUE,FALSE,FALSE,FALSE
"65",233100,2014,7,7,6,1,NA,NA,NA,NA,TRUE,FALSE,FALSE,FALSE
"66",233700,2014,7,7,6,1,NA,NA,NA,NA,TRUE,FALSE,FALSE,FALSE
"67",233800,2014,7,7,6,1,NA,NA,NA,NA,TRUE,FALSE,FALSE,FALSE
"68",240300,2014,7,7,6,1,NA,NA,NA,NA,TRUE,FALSE,FALSE,FALSE
"69",240700,2014,7,7,6,1,NA,NA,NA,NA,TRUE,FALSE,FALSE,FALSE
"70",240800,2014,7,7,6,1,NA,NA,NA,NA,TRUE,FALSE,FALSE,FALSE
"71",241000,2014,7,7,6,1,NA,NA,NA,NA,TRUE,FALSE,FALSE,FALSE
"72",241100,2014,7,7,6,1,NA,NA,NA,NA,TRUE,FALSE,FALSE,FALSE
"73",241300,2014,7,7,6,1,NA,NA,NA,NA,TRUE,FALSE,FALSE,FALSE
"74",241700,2014,7,7,6,1,NA,NA,NA,NA,TRUE,FALSE,FALSE,FALSE
"75",241800,2014,7,7,6,1,NA,NA,NA,NA,TRUE,FALSE,FALSE,FALSE
"76",242300,2014,7,7,6,1,NA,NA,NA,NA,TRUE,FALSE,FALSE,FALSE
"77",242600,2014,7,7,6,1,NA,NA,NA,NA,TRUE,FALSE,FALSE,FALSE
"78",242900,2014,7,7,6,1,NA,NA,NA,NA,TRUE,FALSE,FALSE,FALSE
"79",243100,2014,7,7,6,1,NA,NA,NA,NA,TRUE,FALSE,FALSE,FALSE
"80",243200,2014,7,7,6,1,NA,NA,NA,NA,TRUE,FALSE,FALSE,FALSE
"81",243500,2014,7,7,6,1,NA,NA,NA,NA,TRUE,FALSE,FALSE,FALSE
"82",244100,2014,7,7,6,1,NA,NA,NA,NA,TRUE,FALSE,FALSE,FALSE
"83",245200,2014,7,7,6,1,NA,1,NA,NA,TRUE,FALSE,FALSE,FALSE
"84",246800,2014,7,7,6,1,NA,NA,NA,NA,TRUE,FALSE,FALSE,FALSE
"85",247200,2014,7,7,6,1,NA,NA,NA,NA,TRUE,FALSE,FALSE,FALSE
"86",250000,2014,7,7,6,1,NA,1,NA,NA,TRUE,FALSE,FALSE,FALSE
"87",250100,2014,7,7,6,1,NA,NA,NA,NA,TRUE,FALSE,FALSE,FALSE
"88",250500,2014,7,7,6,1,NA,1,NA,NA,TRUE,FALSE,FALSE,FALSE
"89",250700,2014,7,7,6,1,NA,NA,NA,NA,TRUE,FALSE,FALSE,FALSE
"90",251300,2014,7,7,6,1,NA,1,NA,NA,TRUE,FALSE,FALSE,FALSE
"91",251500,2014,7,7,6,1,NA,NA,NA,NA,TRUE,FALSE,FALSE,FALSE
"92",251600,2014,7,7,6,1,NA,NA,NA,NA,TRUE,FALSE,FALSE,FALSE
"93",251800,2014,7,7,6,1,NA,NA,NA,NA,TRUE,FALSE,FALSE,FALSE
"94",252000,2014,7,7,6,1,NA,1,NA,NA,TRUE,FALSE,FALSE,FALSE
"95",252100,2014,7,7,6,1,NA,NA,NA,NA,TRUE,FALSE,FALSE,FALSE
"96",252600,2014,7,7,6,1,NA,NA,NA,NA,TRUE,FALSE,FALSE,FALSE
"97",252700,2014,7,7,6,1,NA,NA,NA,NA,TRUE,FALSE,FALSE,FALSE
"98",253100,2014,7,7,6,1,NA,NA,NA,NA,TRUE,FALSE,FALSE,FALSE
"99",253600,2014,7,7,6,1,NA,NA,NA,NA,TRUE,FALSE,FALSE,FALSE
"100",254000,2014,7,7,6,1,NA,NA,NA,NA,TRUE,FALSE,FALSE,FALSE
"101",254200,2014,7,7,6,1,NA,NA,NA,NA,TRUE,FALSE,FALSE,FALSE
"102",254400,2014,7,7,6,1,NA,NA,NA,NA,TRUE,FALSE,FALSE,FALSE
"103",254500,2014,7,7,6,1,NA,NA,NA,NA,TRUE,FALSE,FALSE,FALSE
"104",254600,2014,7,7,6,1,NA,NA,NA,NA,TRUE,FALSE,FALSE,FALSE
"105",254800,2014,7,7,6,1,NA,NA,NA,NA,TRUE,FALSE,FALSE,FALSE
"106",255300,2014,7,7,6,1,NA,NA,NA,NA,TRUE,FALSE,FALSE,FALSE
"107",271700,2014,7,7,6,1,NA,NA,NA,NA,TRUE,FALSE,FALSE,FALSE
"108",271900,2014,7,7,6,1,NA,NA,NA,NA,TRUE,FALSE,FALSE,FALSE
"109",272200,2014,7,7,6,1,NA,NA,NA,NA,TRUE,FALSE,FALSE,FALSE
"110",272300,2014,7,7,6,1,NA,NA,NA,NA,TRUE,FALSE,FALSE,FALSE
"111",272600,2014,7,7,6,1,NA,NA,NA,NA,TRUE,FALSE,FALSE,FALSE
"112",280100,2014,7,7,6,1,NA,NA,NA,NA,TRUE,FALSE,FALSE,FALSE
"113",280500,2014,7,7,6,1,NA,NA,NA,NA,TRUE,FALSE,FALSE,FALSE
"114",280700,2014,7,7,6,1,NA,NA,NA,NA,TRUE,FALSE,FALSE,FALSE
"115",281600,2014,7,7,6,1,NA,NA,NA,NA,TRUE,FALSE,FALSE,FALSE
"116",281700,2014,7,7,6,1,NA,NA,NA,NA,TRUE,FALSE,FALSE,FALSE
"117",281800,2014,7,7,6,1,NA,NA,NA,NA,TRUE,FALSE,FALSE,FALSE
"118",281900,2014,7,7,6,1,NA,NA,NA,NA,TRUE,FALSE,FALSE,FALSE
"119",282000,2014,7,7,6,1,NA,NA,NA,NA,TRUE,FALSE,FALSE,FALSE
"120",282100,2014,7,7,6,1,NA,NA,NA,NA,TRUE,FALSE,FALSE,FALSE
"121",282300,2014,7,7,6,1,NA,NA,NA,NA,TRUE,FALSE,FALSE,FALSE
"122",282400,2014,7,7,6,1,NA,NA,NA,NA,TRUE,FALSE,FALSE,FALSE
"123",282600,2014,7,7,6,1,NA,NA,NA,NA,TRUE,FALSE,FALSE,FALSE
"124",282700,2014,7,7,6,1,NA,NA,NA,NA,TRUE,FALSE,FALSE,FALSE
"125",283500,2014,7,7,6,1,NA,NA,NA,NA,TRUE,FALSE,FALSE,FALSE
"126",283600,2014,7,7,6,1,NA,NA,NA,NA,TRUE,FALSE,FALSE,FALSE
"127",601900,2014,7,7,6,1,NA,NA,NA,NA,TRUE,FALSE,FALSE,FALSE
"128",602100,2014,7,7,6,1,NA,NA,NA,NA,TRUE,FALSE,FALSE,FALSE
"129",602400,2014,7,7,6,1,NA,NA,NA,NA,TRUE,FALSE,FALSE,FALSE
"130",602900,2014,7,7,6,1,NA,NA,NA,NA,TRUE,FALSE,FALSE,FALSE
"131",603000,2014,7,7,6,1,NA,NA,NA,NA,TRUE,FALSE,FALSE,FALSE
"132",603100,2014,7,7,6,1,NA,NA,NA,NA,TRUE,FALSE,FALSE,FALSE
"133",603200,2014,7,7,6,1,NA,NA,NA,NA,TRUE,FALSE,FALSE,FALSE
"134",603300,2014,7,7,6,1,NA,NA,NA,NA,TRUE,FALSE,FALSE,FALSE
"135",603400,2014,7,7,6,1,NA,NA,NA,NA,TRUE,FALSE,FALSE,FALSE
"136",604100,2014,7,7,6,1,NA,NA,NA,NA,TRUE,FALSE,FALSE,FALSE
"137",604200,2014,7,7,6,1,NA,NA,NA,NA,TRUE,FALSE,FALSE,FALSE
"138",604400,2014,7,7,6,1,NA,NA,NA,NA,TRUE,FALSE,FALSE,FALSE
"139",605100,2014,7,7,6,1,NA,NA,NA,NA,TRUE,FALSE,FALSE,FALSE
"140",605200,2014,7,7,6,1,NA,NA,NA,NA,TRUE,FALSE,FALSE,FALSE
"141",605500,2014,7,7,6,1,NA,NA,NA,NA,TRUE,FALSE,FALSE,FALSE
"142",605600,2014,7,7,6,1,NA,NA,NA,NA,TRUE,FALSE,FALSE,FALSE
"143",606300,2014,7,7,6,1,NA,NA,NA,NA,TRUE,FALSE,FALSE,FALSE
"144",606500,2014,7,7,6,1,NA,NA,NA,NA,TRUE,FALSE,FALSE,FALSE
"145",606900,2014,7,7,6,1,NA,NA,NA,NA,TRUE,FALSE,FALSE,FALSE
"146",2210600,2014,7,7,6,1,NA,NA,NA,NA,TRUE,FALSE,FALSE,FALSE
"147",2211300,2014,7,7,6,1,NA,NA,NA,NA,TRUE,FALSE,FALSE,FALSE
"148",2221200,2014,7,7,6,1,NA,NA,NA,NA,TRUE,FALSE,FALSE,FALSE
"149",1135,2014,7,7,6,1,NA,NA,NA,NA,TRUE,FALSE,FALSE,FALSE
"150",1230,2014,7,7,6,1,NA,NA,NA,NA,TRUE,FALSE,FALSE,FALSE
"151",1400,2014,7,7,6,1,NA,NA,NA,NA,TRUE,FALSE,FALSE,FALSE
"152",2980,2014,7,7,6,1,NA,NA,NA,NA,TRUE,FALSE,FALSE,FALSE
"153",17251,2014,7,7,6,1,NA,NA,NA,NA,TRUE,FALSE,FALSE,FALSE
"154",17280,2014,7,7,6,1,NA,NA,NA,NA,TRUE,FALSE,FALSE,FALSE
"155",3005,2014,7,7,6,1,NA,NA,NA,NA,TRUE,FALSE,FALSE,FALSE
"156",3190,2014,7,7,6,1,NA,NA,NA,NA,TRUE,FALSE,FALSE,FALSE
"157",3200,2014,7,7,6,1,NA,NA,NA,NA,TRUE,FALSE,FALSE,FALSE
"158",3370,2014,7,7,6,1,0,1,NA,0,TRUE,FALSE,FALSE,FALSE
"159",3015,2014,7,7,6,1,NA,NA,NA,NA,TRUE,FALSE,FALSE,FALSE
"160",3019,2014,7,7,6,1,NA,NA,NA,NA,TRUE,FALSE,FALSE,FALSE
"161",3030,2014,7,7,6,1,NA,NA,NA,NA,TRUE,FALSE,FALSE,FALSE
"162",3120,2014,7,7,6,1,NA,NA,NA,NA,TRUE,FALSE,FALSE,FALSE
"163",17000,2014,7,7,6,1,0,1,NA,0,TRUE,FALSE,FALSE,FALSE
"164",17005,2014,7,7,6,1,NA,NA,NA,NA,TRUE,FALSE,FALSE,FALSE
"165",17030,2014,7,7,6,1,NA,NA,NA,NA,TRUE,FALSE,FALSE,FALSE
"166",1080,2014,7,7,6,1,NA,NA,NA,NA,TRUE,FALSE,FALSE,FALSE
"167",1600,2014,7,7,6,1,NA,NA,NA,NA,TRUE,FALSE,FALSE,FALSE
"168",1650,2014,7,7,6,1,NA,NA,NA,NA,TRUE,FALSE,FALSE,FALSE
"169",1950,2014,7,7,6,1,NA,NA,NA,NA,TRUE,FALSE,FALSE,FALSE
"170",1960,2014,7,7,6,1,NA,NA,NA,NA,TRUE,FALSE,FALSE,FALSE
"171",3990,2014,7,7,6,1,NA,NA,NA,NA,TRUE,FALSE,FALSE,FALSE
"172",3720,2014,7,7,6,1,NA,NA,NA,NA,TRUE,FALSE,FALSE,FALSE
"173",3730,2014,7,7,6,1,NA,NA,NA,NA,TRUE,FALSE,FALSE,FALSE
"174",3731,2014,7,7,6,1,NA,NA,NA,NA,TRUE,FALSE,FALSE,FALSE
"175",3810,2014,7,7,6,1,NA,NA,NA,NA,TRUE,FALSE,FALSE,FALSE
"176",3480,2014,7,7,6,1,NA,NA,NA,NA,TRUE,FALSE,FALSE,FALSE
"177",1380,2014,7,7,6,1,NA,NA,NA,NA,TRUE,FALSE,FALSE,FALSE
"178",3280,2014,7,7,6,1,NA,NA,NA,NA,TRUE,FALSE,FALSE,FALSE
"179",3290,2014,7,7,6,1,0,1,NA,0,TRUE,FALSE,FALSE,FALSE
"180",17050,2014,7,7,6,1,0,1,NA,0,TRUE,FALSE,FALSE,FALSE
"181",17090,2014,7,7,6,1,NA,NA,NA,NA,TRUE,FALSE,FALSE,FALSE
"182",17150,2014,7,7,6,1,NA,1,NA,2,TRUE,FALSE,FALSE,FALSE
"183",17380,2014,7,7,6,1,0,1,NA,0,TRUE,FALSE,FALSE,FALSE
"184",17400,2014,7,7,6,1,NA,NA,NA,NA,TRUE,FALSE,FALSE,FALSE
"185",17500,2014,7,7,6,1,NA,NA,NA,NA,TRUE,FALSE,FALSE,FALSE
"186",3780,2014,7,7,6,1,NA,NA,NA,NA,TRUE,FALSE,FALSE,FALSE
"187",17550,2014,7,7,6,1,NA,NA,NA,NA,TRUE,FALSE,FALSE,FALSE
"188",17650,2014,7,7,6,1,NA,NA,NA,NA,TRUE,FALSE,FALSE,FALSE
"189",17830,2014,7,7,6,1,NA,NA,NA,NA,TRUE,FALSE,FALSE,FALSE
"190",17850,2014,7,7,6,1,0,1,NA,0,TRUE,FALSE,FALSE,FALSE
"191",17870,2014,7,7,6,1,NA,NA,NA,NA,TRUE,FALSE,FALSE,FALSE
"192",17875,2014,7,7,6,1,NA,NA,NA,NA,TRUE,FALSE,FALSE,FALSE
"193",17775,2014,7,7,6,1,NA,NA,NA,NA,TRUE,FALSE,FALSE,FALSE
"194",17780,2014,7,7,6,1,NA,NA,NA,NA,TRUE,FALSE,FALSE,FALSE
"195",17810,2014,7,7,6,1,NA,NA,NA,NA,TRUE,FALSE,FALSE,FALSE
"196",17895,2014,7,7,6,1,NA,NA,NA,NA,TRUE,FALSE,FALSE,FALSE
"197",19430,2014,7,7,6,1,NA,NA,NA,NA,TRUE,FALSE,FALSE,FALSE
"198",19490,2014,7,7,6,1,0,1,NA,0,TRUE,FALSE,TRUE,FALSE
"199",19510,2014,7,7,6,1,NA,NA,NA,NA,TRUE,FALSE,FALSE,FALSE
"200",19610,2014,7,7,6,1,NA,NA,NA,NA,TRUE,FALSE,FALSE,FALSE
"201",19660,2014,7,7,6,1,NA,NA,NA,NA,TRUE,FALSE,FALSE,FALSE
"202",19710,2014,7,7,6,1,0,1,NA,0,TRUE,FALSE,FALSE,FALSE
"203",2560,2014,7,7,6,1,NA,NA,NA,NA,TRUE,FALSE,FALSE,FALSE
"204",2650,2014,7,7,6,1,NA,NA,NA,NA,TRUE,FALSE,FALSE,FALSE
"205",4825,2014,7,7,6,1,NA,NA,NA,NA,TRUE,FALSE,FALSE,FALSE
"206",4040,2014,7,7,6,1,NA,NA,NA,NA,TRUE,FALSE,FALSE,FALSE
"207",17640,2014,7,7,6,1,NA,NA,NA,NA,TRUE,FALSE,FALSE,FALSE
"208",4090,2014,7,7,6,1,NA,NA,NA,NA,TRUE,FALSE,FALSE,FALSE
"209",4110,2014,7,7,6,1,NA,NA,NA,NA,TRUE,FALSE,FALSE,FALSE
"210",4200,2014,7,7,6,1,NA,NA,NA,NA,TRUE,FALSE,FALSE,FALSE
"211",4260,2014,7,7,6,1,0,1,NA,0,TRUE,FALSE,FALSE,FALSE
"212",18280,2014,7,7,6,1,NA,NA,NA,NA,TRUE,FALSE,FALSE,FALSE
"213",4460,2014,7,7,6,1,0,1,NA,0,TRUE,FALSE,FALSE,FALSE
"214",4725,2014,7,7,6,1,NA,NA,NA,NA,TRUE,FALSE,FALSE,FALSE
"215",4780,2014,7,7,6,1,NA,NA,NA,NA,TRUE,FALSE,FALSE,FALSE
"216",4781,2014,7,7,6,1,NA,NA,NA,NA,TRUE,FALSE,FALSE,FALSE
"217",4920,2014,7,7,6,1,0,1,NA,0,TRUE,FALSE,TRUE,FALSE
"218",4950,2014,7,7,6,1,NA,NA,NA,NA,TRUE,FALSE,FALSE,FALSE
"219",4960,2014,7,7,6,1,NA,NA,NA,NA,TRUE,FALSE,FALSE,FALSE
"220",11120,2014,7,7,6,1,NA,NA,NA,NA,TRUE,FALSE,FALSE,FALSE
"221",11125,2014,7,7,6,1,NA,NA,NA,NA,TRUE,FALSE,FALSE,FALSE
"222",11440,2014,7,7,6,1,NA,NA,NA,NA,TRUE,FALSE,FALSE,FALSE
"223",11450,2014,7,7,6,1,NA,1,NA,2,TRUE,FALSE,FALSE,FALSE
"224",11463,2014,7,7,6,1,NA,NA,NA,NA,TRUE,FALSE,FALSE,FALSE
"225",4740,2014,7,7,6,1,NA,NA,NA,NA,TRUE,FALSE,FALSE,FALSE
"226",17980,2014,7,7,6,1,0,1,NA,0,TRUE,FALSE,FALSE,FALSE
"227",18020,2014,7,7,6,1,0,1,NA,0,TRUE,FALSE,FALSE,FALSE
"228",18160,2014,7,7,6,1,NA,NA,NA,NA,TRUE,FALSE,FALSE,FALSE
"229",18162,2014,7,7,6,1,NA,NA,NA,NA,TRUE,FALSE,FALSE,FALSE
"230",18165,2014,7,7,6,1,NA,NA,NA,NA,TRUE,FALSE,FALSE,FALSE
"231",18170,2014,7,7,6,1,NA,NA,NA,NA,TRUE,FALSE,FALSE,FALSE
"232",18180,2014,7,7,6,1,NA,NA,NA,NA,TRUE,FALSE,FALSE,FALSE
"233",18195,2014,7,7,6,1,NA,NA,NA,NA,TRUE,FALSE,FALSE,FALSE
"234",18205,2014,7,7,6,1,NA,NA,NA,NA,TRUE,FALSE,FALSE,FALSE
"235",18210,2014,7,7,6,1,0,1,NA,0,TRUE,FALSE,FALSE,FALSE
"236",18215,2014,7,7,6,1,NA,NA,NA,NA,TRUE,FALSE,FALSE,FALSE
"237",18225,2014,7,7,6,1,NA,NA,NA,NA,TRUE,FALSE,FALSE,FALSE
"238",18230,2014,7,7,6,1,NA,NA,NA,NA,TRUE,FALSE,FALSE,FALSE
"239",18233,2014,7,7,6,1,NA,NA,NA,NA,TRUE,FALSE,FALSE,FALSE
"240",18235,2014,7,7,6,1,NA,NA,NA,NA,TRUE,FALSE,FALSE,FALSE
"241",18240,2014,7,7,6,1,NA,NA,NA,NA,TRUE,FALSE,FALSE,FALSE
"242",18245,2014,7,7,6,1,NA,NA,NA,NA,TRUE,FALSE,FALSE,FALSE
"243",18260,2014,7,7,6,1,NA,NA,NA,NA,TRUE,FALSE,FALSE,FALSE
"244",18269,2014,7,7,6,1,0,1,NA,0,TRUE,FALSE,FALSE,FALSE
"245",18270,2014,7,7,6,1,NA,NA,NA,NA,TRUE,FALSE,FALSE,FALSE
"246",18310,2014,7,7,6,1,NA,NA,NA,NA,TRUE,FALSE,FALSE,FALSE
"247",18390,2014,7,7,6,1,NA,NA,NA,NA,TRUE,FALSE,FALSE,FALSE
"248",18405,2014,7,7,6,1,NA,NA,NA,NA,TRUE,FALSE,FALSE,FALSE
"249",18410,2014,7,7,6,1,NA,NA,NA,NA,TRUE,FALSE,FALSE,FALSE
"250",18420,2014,7,7,6,1,0,1,NA,0,TRUE,FALSE,FALSE,FALSE
"251",18440,2014,7,7,6,1,NA,NA,NA,NA,TRUE,FALSE,FALSE,FALSE
"252",18450,2014,7,7,6,1,NA,NA,NA,NA,TRUE,FALSE,FALSE,FALSE
"253",18500,2014,7,7,6,1,0,1,NA,0,TRUE,FALSE,FALSE,FALSE
"254",18645,2014,7,7,6,1,NA,NA,NA,NA,TRUE,FALSE,FALSE,FALSE
"255",18690,2014,7,7,6,1,NA,NA,NA,NA,TRUE,FALSE,FALSE,FALSE
"256",18700,2014,7,7,6,1,0,1,NA,0,TRUE,FALSE,FALSE,FALSE
"257",18701,2014,7,7,6,1,0,1,NA,0,TRUE,FALSE,FALSE,FALSE
"258",18703,2014,7,7,6,1,0,1,NA,0,TRUE,FALSE,FALSE,FALSE
"259",18815,2014,7,7,6,1,0,1,NA,0,TRUE,FALSE,FALSE,FALSE
"260",18840,2014,7,7,6,1,NA,NA,NA,NA,TRUE,FALSE,FALSE,FALSE
"261",18920,2014,7,7,6,1,0,1,NA,0,TRUE,FALSE,FALSE,FALSE
"262",18950,2014,7,7,6,1,NA,NA,NA,NA,TRUE,FALSE,FALSE,FALSE
"263",18980,2014,7,7,6,1,0,1,NA,0,TRUE,FALSE,FALSE,FALSE
"264",2970,2014,7,7,6,1,NA,NA,NA,NA,TRUE,FALSE,FALSE,FALSE
"265",5495,2014,7,7,6,1,NA,NA,NA,NA,TRUE,FALSE,FALSE,FALSE
"266",5590,2014,7,7,6,1,NA,NA,NA,NA,TRUE,FALSE,FALSE,FALSE
"267",5660,2014,7,7,6,1,0,1,NA,0,TRUE,FALSE,TRUE,FALSE
"268",12123,2014,7,7,6,1,NA,NA,NA,NA,TRUE,FALSE,FALSE,FALSE
"269",12180,2014,7,7,6,1,0,1,NA,0,TRUE,FALSE,FALSE,FALSE
"270",12290,2014,7,7,6,1,0.2,1,NA,0,TRUE,FALSE,TRUE,FALSE
"271",12291,2014,7,7,6,1,NA,NA,NA,NA,TRUE,FALSE,FALSE,FALSE
"272",12320,2014,7,7,6,1,0.1,1,NA,0,TRUE,FALSE,FALSE,FALSE
"273",12520,2014,7,7,6,1,NA,NA,NA,NA,TRUE,FALSE,FALSE,FALSE
"274",12550,2014,7,7,6,1,0.1,1,NA,0,TRUE,FALSE,FALSE,FALSE
"275",12580,2014,7,7,6,1,NA,NA,NA,NA,TRUE,FALSE,FALSE,FALSE
"276",12590,2014,7,7,6,1,NA,NA,NA,NA,TRUE,FALSE,FALSE,FALSE
"277",12595,2014,7,7,6,1,NA,NA,NA,NA,TRUE,FALSE,FALSE,FALSE
"278",12600,2014,7,7,6,1,NA,NA,NA,NA,TRUE,FALSE,FALSE,FALSE
"279",12800,2014,7,7,6,1,NA,NA,NA,NA,TRUE,FALSE,FALSE,FALSE
"280",6690,2014,7,7,6,1,NA,NA,NA,NA,TRUE,FALSE,FALSE,FALSE
"281",12050,2014,7,7,6,1,NA,NA,NA,NA,TRUE,FALSE,FALSE,FALSE
"282",5330,2014,7,7,6,1,NA,NA,NA,NA,TRUE,FALSE,FALSE,FALSE
"283",5350,2014,7,7,6,1,NA,NA,NA,NA,TRUE,FALSE,FALSE,FALSE
"284",5680,2014,7,7,6,1,NA,NA,NA,NA,TRUE,FALSE,FALSE,FALSE
"285",5710,2014,7,7,6,1,NA,NA,NA,NA,TRUE,FALSE,FALSE,FALSE
"286",6020,2014,7,7,6,1,NA,NA,NA,NA,TRUE,FALSE,FALSE,FALSE
"287",6160,2014,7,7,6,1,NA,NA,NA,NA,TRUE,FALSE,FALSE,FALSE
"288",6440,2014,7,7,6,1,NA,NA,NA,NA,TRUE,FALSE,FALSE,FALSE
"289",6580,2014,7,7,6,1,NA,NA,NA,NA,TRUE,FALSE,FALSE,FALSE
"290",6700,2014,7,7,6,1,NA,NA,NA,NA,TRUE,FALSE,FALSE,FALSE
"291",60,2014,7,7,6,1,NA,NA,NA,NA,TRUE,FALSE,FALSE,FALSE
"292",90,2014,7,7,6,1,NA,NA,NA,NA,TRUE,FALSE,FALSE,FALSE
"293",100,2014,7,7,6,1,NA,NA,NA,NA,TRUE,FALSE,FALSE,FALSE
"294",120,2014,7,7,6,1,NA,NA,NA,NA,TRUE,FALSE,FALSE,FALSE
"295",180,2014,7,7,6,1,NA,NA,NA,NA,TRUE,FALSE,FALSE,FALSE
"296",250,2014,7,7,6,1,NA,NA,NA,NA,TRUE,FALSE,FALSE,FALSE
"297",6840,2014,7,7,6,1,NA,NA,NA,NA,TRUE,FALSE,FALSE,FALSE
"298",7420,2014,7,7,6,1,NA,1,NA,2,TRUE,FALSE,FALSE,FALSE
"299",7940,2014,7,7,6,1,NA,NA,NA,NA,TRUE,FALSE,FALSE,FALSE
"300",7950,2014,7,7,6,1,0,1,NA,0,TRUE,FALSE,FALSE,FALSE
"301",8140,2014,7,7,6,1,NA,NA,NA,NA,TRUE,FALSE,FALSE,FALSE
"302",8230,2014,7,7,6,1,NA,NA,NA,NA,TRUE,FALSE,FALSE,FALSE
"303",8300,2014,7,7,6,1,NA,NA,NA,NA,TRUE,FALSE,FALSE,FALSE
"304",8450,2014,7,7,6,1,NA,NA,NA,NA,TRUE,FALSE,FALSE,FALSE
"305",8720,2014,7,7,6,1,NA,NA,NA,NA,TRUE,FALSE,FALSE,FALSE
"306",7660,2014,7,7,6,1,NA,NA,NA,NA,TRUE,FALSE,FALSE,FALSE
"307",7920,2014,7,7,6,1,NA,NA,NA,NA,TRUE,FALSE,FALSE,FALSE
"308",8800,2014,7,7,6,1,NA,NA,NA,NA,TRUE,FALSE,FALSE,FALSE
"309",420,2014,7,7,6,1,NA,NA,NA,NA,TRUE,FALSE,FALSE,FALSE
"310",610,2014,7,7,6,1,NA,NA,NA,NA,TRUE,FALSE,FALSE,FALSE
"311",670,2014,7,7,6,1,NA,NA,NA,NA,TRUE,FALSE,FALSE,FALSE
"312",700,2014,7,7,6,1,NA,NA,NA,NA,TRUE,FALSE,FALSE,FALSE
"313",725,2014,7,7,6,1,NA,NA,NA,NA,TRUE,FALSE,FALSE,FALSE
"314",730,2014,7,7,6,1,NA,NA,NA,NA,TRUE,FALSE,FALSE,FALSE
"315",770,2014,7,7,6,1,NA,NA,NA,NA,TRUE,FALSE,FALSE,FALSE
"316",9580,2014,7,7,6,1,NA,1,NA,NA,TRUE,FALSE,FALSE,FALSE
"317",9870,2014,7,7,6,1,NA,NA,NA,NA,TRUE,FALSE,FALSE,FALSE
"318",66810,2014,7,7,6,1,NA,NA,NA,NA,TRUE,FALSE,FALSE,FALSE
"319",66850,2014,7,7,6,1,NA,NA,NA,NA,TRUE,FALSE,FALSE,FALSE
"320",66860,2014,7,7,6,1,NA,NA,NA,NA,TRUE,FALSE,FALSE,FALSE
"321",66890,2014,7,7,6,1,NA,NA,NA,NA,TRUE,FALSE,FALSE,FALSE
"322",66900,2014,7,7,6,1,NA,NA,NA,NA,TRUE,FALSE,FALSE,FALSE
"323",66990,2014,7,7,6,1,NA,NA,NA,NA,TRUE,FALSE,FALSE,FALSE
"324",8880,2014,7,7,6,1,0.2,1,NA,0,TRUE,FALSE,FALSE,FALSE
"325",9400,2014,7,7,6,1,NA,NA,NA,NA,TRUE,FALSE,FALSE,FALSE
"326",8770,2014,7,7,6,1,NA,NA,NA,NA,TRUE,FALSE,FALSE,FALSE
"327",8780,2014,7,7,6,1,NA,NA,NA,NA,TRUE,FALSE,FALSE,FALSE
"328",8970,2014,7,7,6,1,NA,NA,NA,NA,TRUE,FALSE,FALSE,FALSE
"329",9160,2014,7,7,6,1,0.1,1,NA,0,TRUE,FALSE,FALSE,FALSE
"330",810,2014,7,7,6,1,NA,NA,NA,NA,TRUE,FALSE,FALSE,FALSE
"331",10070,2014,7,7,6,1,NA,NA,NA,NA,TRUE,FALSE,FALSE,FALSE
"332",12666,2014,7,7,6,1,NA,NA,NA,NA,TRUE,FALSE,FALSE,FALSE
"333",12680,2014,7,7,6,1,NA,NA,NA,NA,TRUE,FALSE,FALSE,FALSE
"334",13110,2014,7,7,6,1,NA,NA,NA,NA,TRUE,FALSE,FALSE,FALSE
"335",11900,2014,7,7,6,1,NA,NA,NA,NA,TRUE,FALSE,FALSE,FALSE
"336",9303,2014,7,7,6,1,NA,NA,NA,NA,TRUE,FALSE,FALSE,FALSE
"337",9310,2014,7,7,6,1,0,1,NA,0,TRUE,FALSE,FALSE,FALSE
"338",9380,2014,7,7,6,1,NA,NA,NA,NA,TRUE,FALSE,FALSE,FALSE
"339",16400,2014,7,7,6,1,NA,NA,NA,NA,TRUE,FALSE,FALSE,FALSE
"340",16560,2014,7,7,6,1,NA,NA,NA,NA,TRUE,FALSE,FALSE,FALSE
"341",16610,2014,7,7,6,1,NA,NA,NA,NA,TRUE,FALSE,FALSE,FALSE
"342",16611,2014,7,7,6,1,NA,NA,NA,NA,TRUE,FALSE,FALSE,FALSE
"343",16620,2014,7,7,6,1,NA,NA,NA,NA,TRUE,FALSE,FALSE,FALSE
"344",16790,2014,7,7,6,1,NA,NA,NA,NA,TRUE,FALSE,FALSE,FALSE
"345",16845,2014,7,7,6,1,NA,NA,NA,NA,TRUE,FALSE,FALSE,FALSE
"346",61630,2014,7,7,6,1,0,1,NA,0,TRUE,FALSE,FALSE,FALSE
"347",15480,2014,7,7,6,1,NA,NA,NA,NA,TRUE,FALSE,FALSE,FALSE
"348",15660,2014,7,7,6,1,NA,NA,NA,NA,TRUE,FALSE,FALSE,FALSE
"349",15730,2014,7,7,6,1,NA,NA,NA,NA,TRUE,FALSE,FALSE,FALSE
"350",15890,2014,7,7,6,1,0,1,NA,0,TRUE,FALSE,FALSE,FALSE
"351",15950,2014,7,7,6,1,NA,NA,NA,NA,TRUE,FALSE,FALSE,FALSE
"352",15270,2014,7,7,6,1,NA,NA,NA,NA,TRUE,FALSE,FALSE,FALSE
"353",15430,2014,7,7,6,1,NA,NA,NA,NA,TRUE,FALSE,FALSE,FALSE
"354",15460,2014,7,7,6,1,NA,NA,NA,NA,TRUE,FALSE,FALSE,FALSE
"355",55290,2014,7,7,6,1,NA,NA,NA,NA,TRUE,FALSE,FALSE,FALSE
"356",14550,2014,7,7,6,1,NA,NA,NA,NA,TRUE,FALSE,FALSE,FALSE
"357",14711,2014,7,7,6,1,NA,NA,NA,NA,TRUE,FALSE,FALSE,FALSE
"358",13640,2014,7,7,6,1,NA,NA,NA,NA,TRUE,FALSE,FALSE,FALSE
"359",13655,2014,7,7,6,1,0,1,NA,0,TRUE,FALSE,FALSE,FALSE
"360",14050,2014,7,7,6,1,NA,NA,NA,NA,TRUE,FALSE,FALSE,FALSE
"361",14200,2014,7,7,6,1,0,1,NA,0,TRUE,FALSE,FALSE,FALSE
"362",16040,2014,7,7,6,1,NA,NA,NA,NA,TRUE,FALSE,FALSE,FALSE
"363",16265,2014,7,7,6,1,NA,NA,NA,NA,TRUE,FALSE,FALSE,FALSE
"364",16271,2014,7,7,6,1,0.1,1,NA,0,TRUE,FALSE,TRUE,FALSE
"365",13700,2014,7,7,6,1,NA,NA,NA,NA,TRUE,FALSE,FALSE,FALSE
"366",13140,2014,7,7,6,1,NA,NA,NA,NA,TRUE,FALSE,FALSE,FALSE
"367",13150,2014,7,7,6,1,1.7,1,NA,0,TRUE,FALSE,FALSE,FALSE
"368",13160,2014,7,7,6,1,NA,NA,NA,NA,TRUE,FALSE,FALSE,FALSE
"369",13310,2014,7,7,6,1,NA,NA,NA,NA,TRUE,FALSE,FALSE,FALSE
"370",13390,2014,7,7,6,1,NA,NA,NA,NA,TRUE,FALSE,FALSE,FALSE
"371",13420,2014,7,7,6,1,NA,NA,NA,NA,TRUE,FALSE,FALSE,FALSE
"372",13450,2014,7,7,6,1,NA,NA,NA,NA,TRUE,FALSE,FALSE,FALSE
"373",13125,2014,7,7,6,1,NA,NA,NA,NA,TRUE,FALSE,FALSE,FALSE
"374",13030,2014,7,7,6,1,0.6,1,NA,0,TRUE,FALSE,FALSE,FALSE
"375",13060,2014,7,7,6,1,NA,NA,NA,NA,TRUE,FALSE,FALSE,FALSE
"376",11500,2014,7,7,6,1,0,1,NA,0,TRUE,FALSE,FALSE,FALSE
"377",11690,2014,7,7,6,1,NA,NA,NA,NA,TRUE,FALSE,FALSE,FALSE
"378",11710,2014,7,7,6,1,NA,NA,NA,NA,TRUE,FALSE,FALSE,FALSE
"379",4543,2014,7,7,6,1,NA,NA,NA,NA,TRUE,FALSE,FALSE,FALSE
"380",4590,2014,7,7,6,1,NA,NA,NA,NA,TRUE,FALSE,FALSE,FALSE
"381",20470,2014,7,7,6,1,NA,NA,NA,NA,TRUE,FALSE,FALSE,FALSE
"382",20520,2014,7,7,6,1,NA,NA,NA,NA,TRUE,FALSE,FALSE,FALSE
"383",11340,2014,7,7,6,1,NA,NA,NA,NA,TRUE,FALSE,FALSE,FALSE
"384",20540,2014,7,7,6,1,0,1,NA,0,TRUE,FALSE,FALSE,FALSE
"385",21680,2014,7,7,6,1,NA,NA,NA,NA,TRUE,FALSE,FALSE,FALSE
"386",22690,2014,7,7,6,1,NA,NA,NA,NA,TRUE,FALSE,FALSE,FALSE
"387",22730,2014,7,7,6,1,NA,NA,NA,NA,TRUE,FALSE,FALSE,FALSE
"388",22790,2014,7,7,6,1,NA,NA,NA,NA,TRUE,FALSE,FALSE,FALSE
"389",22840,2014,7,7,6,1,NA,NA,NA,NA,TRUE,FALSE,FALSE,FALSE
"390",22990,2014,7,7,6,1,NA,NA,NA,NA,TRUE,FALSE,FALSE,FALSE
"391",23160,2014,7,7,6,1,NA,NA,NA,NA,TRUE,FALSE,FALSE,FALSE
"392",23410,2014,7,7,6,1,NA,NA,NA,NA,TRUE,FALSE,FALSE,FALSE
"393",23420,2014,7,7,6,1,NA,NA,NA,NA,TRUE,FALSE,FALSE,FALSE
"394",13750,2014,7,7,6,1,NA,NA,NA,NA,TRUE,FALSE,FALSE,FALSE
"395",23500,2014,7,7,6,1,0,1,NA,0,TRUE,FALSE,FALSE,FALSE
"396",23550,2014,7,7,6,1,0,1,NA,0,TRUE,FALSE,FALSE,FALSE
"397",23560,2014,7,7,6,1,NA,NA,NA,NA,TRUE,FALSE,FALSE,FALSE
"398",23720,2014,7,7,6,1,NA,NA,NA,NA,TRUE,FALSE,FALSE,FALSE
"399",54710,2014,7,7,6,1,0,1,NA,0,TRUE,FALSE,FALSE,FALSE
"400",54731,2014,7,7,6,1,NA,NA,NA,NA,TRUE,FALSE,FALSE,FALSE
"401",26594,2014,7,7,6,1,NA,NA,NA,NA,TRUE,FALSE,FALSE,FALSE
"402",26852,2014,7,7,6,1,NA,NA,NA,NA,TRUE,FALSE,FALSE,FALSE
"403",26862,2014,7,7,6,1,NA,NA,NA,NA,TRUE,FALSE,FALSE,FALSE
"404",26864,2014,7,7,6,1,NA,NA,NA,NA,TRUE,FALSE,FALSE,FALSE
"405",26872,2014,7,7,6,1,NA,NA,NA,NA,TRUE,FALSE,FALSE,FALSE
"406",26898,2014,7,7,6,1,NA,NA,NA,NA,TRUE,FALSE,FALSE,FALSE
"407",26900,2014,7,7,6,1,0,1,NA,0,TRUE,FALSE,FALSE,FALSE
"408",26932,2014,7,7,6,1,NA,NA,NA,NA,TRUE,FALSE,FALSE,FALSE
"409",26934,2014,7,7,6,1,NA,NA,NA,NA,TRUE,FALSE,FALSE,FALSE
"410",27010,2014,7,7,6,1,0,1,NA,0,TRUE,FALSE,FALSE,FALSE
"411",27015,2014,7,7,6,1,NA,NA,NA,NA,TRUE,FALSE,FALSE,FALSE
"412",28380,2014,7,7,6,1,NA,NA,NA,NA,TRUE,FALSE,FALSE,FALSE
"413",28450,2014,7,7,6,1,NA,NA,NA,NA,TRUE,FALSE,FALSE,FALSE
"414",20250,2014,7,7,6,1,NA,NA,NA,NA,TRUE,FALSE,FALSE,FALSE
"415",20280,2014,7,7,6,1,0,1,NA,0,TRUE,FALSE,FALSE,FALSE
"416",20301,2014,7,7,6,1,NA,NA,NA,NA,TRUE,FALSE,FALSE,FALSE
"417",20361,2014,7,7,6,1,NA,NA,NA,NA,TRUE,FALSE,FALSE,FALSE
"418",24210,2014,7,7,6,1,NA,NA,NA,NA,TRUE,FALSE,FALSE,FALSE
"419",24230,2014,7,7,6,1,NA,NA,NA,NA,TRUE,FALSE,FALSE,FALSE
"420",24350,2014,7,7,6,1,NA,NA,NA,NA,TRUE,FALSE,FALSE,FALSE
"421",19663,2014,7,7,6,1,NA,NA,NA,NA,TRUE,FALSE,FALSE,FALSE
"422",24710,2014,7,7,6,1,0,1,NA,0,TRUE,FALSE,FALSE,FALSE
"423",26450,2014,7,7,6,1,NA,NA,NA,NA,TRUE,FALSE,FALSE,FALSE
"424",24890,2014,7,7,6,1,0,1,NA,0,TRUE,FALSE,FALSE,FALSE
"425",23300,2014,7,7,6,1,NA,NA,NA,NA,TRUE,FALSE,FALSE,FALSE
"426",24960,2014,7,7,6,1,NA,NA,NA,NA,TRUE,FALSE,FALSE,FALSE
"427",25100,2014,7,7,6,1,NA,NA,NA,NA,TRUE,FALSE,FALSE,FALSE
"428",25110,2014,7,7,6,1,NA,NA,NA,NA,TRUE,FALSE,FALSE,FALSE
"429",25112,2014,7,7,6,1,NA,NA,NA,NA,TRUE,FALSE,FALSE,FALSE
"430",25165,2014,7,7,6,1,NA,NA,NA,NA,TRUE,FALSE,FALSE,FALSE
"431",25260,2014,7,7,6,1,NA,NA,NA,NA,TRUE,FALSE,FALSE,FALSE
"432",25320,2014,7,7,6,1,NA,NA,NA,NA,TRUE,FALSE,FALSE,FALSE
"433",25540,2014,7,7,6,1,NA,NA,NA,NA,TRUE,FALSE,FALSE,FALSE
"434",25541,2014,7,7,6,1,NA,NA,NA,NA,TRUE,FALSE,FALSE,FALSE
"435",25580,2014,7,7,6,1,NA,NA,NA,NA,TRUE,FALSE,FALSE,FALSE
"436",25630,2014,7,7,6,1,NA,NA,NA,NA,TRUE,FALSE,FALSE,FALSE
"437",25640,2014,7,7,6,1,NA,NA,NA,NA,TRUE,FALSE,FALSE,FALSE
"438",29720,2014,7,7,6,1,NA,NA,NA,NA,TRUE,FALSE,FALSE,FALSE
"439",26350,2014,7,7,6,1,0,1,NA,0,TRUE,FALSE,FALSE,FALSE
"440",26380,2014,7,7,6,1,NA,NA,NA,NA,TRUE,FALSE,FALSE,FALSE
"441",24600,2014,7,7,6,1,NA,NA,NA,NA,TRUE,FALSE,FALSE,FALSE
"442",24670,2014,7,7,6,1,NA,NA,NA,NA,TRUE,FALSE,FALSE,FALSE
"443",19930,2014,7,7,6,1,NA,NA,NA,NA,TRUE,FALSE,FALSE,FALSE
"444",26650,2014,7,7,6,1,NA,NA,NA,NA,TRUE,FALSE,FALSE,FALSE
"445",26670,2014,7,7,6,1,NA,NA,NA,NA,TRUE,FALSE,FALSE,FALSE
"446",26810,2014,7,7,6,1,NA,NA,NA,NA,TRUE,FALSE,FALSE,FALSE
"447",26820,2014,7,7,6,1,0,1,NA,0,TRUE,FALSE,TRUE,FALSE
"448",19923,2014,7,7,6,1,NA,NA,NA,NA,TRUE,FALSE,FALSE,FALSE
"449",19940,2014,7,7,6,1,0,1,NA,0,TRUE,FALSE,FALSE,FALSE
"450",19960,2014,7,7,6,1,NA,NA,NA,NA,TRUE,FALSE,FALSE,FALSE
"451",19970,2014,7,7,6,1,NA,NA,NA,NA,TRUE,FALSE,FALSE,FALSE
"452",19820,2014,7,7,6,1,NA,NA,NA,NA,TRUE,FALSE,FALSE,FALSE
"453",28750,2014,7,7,6,1,NA,NA,NA,NA,TRUE,FALSE,FALSE,FALSE
"454",28922,2014,7,7,6,1,NA,NA,NA,NA,TRUE,FALSE,FALSE,FALSE
"455",29350,2014,7,7,6,1,0,1,NA,0,TRUE,FALSE,FALSE,FALSE
"456",29600,2014,7,7,6,1,NA,NA,NA,NA,TRUE,FALSE,FALSE,FALSE
"457",29700,2014,7,7,6,1,NA,NA,NA,NA,TRUE,FALSE,FALSE,FALSE
"458",27130,2014,7,7,6,1,NA,NA,NA,NA,TRUE,FALSE,FALSE,FALSE
"459",27140,2014,7,7,6,1,NA,NA,NA,NA,TRUE,FALSE,FALSE,FALSE
"460",27065,2014,7,7,6,1,NA,NA,NA,NA,TRUE,FALSE,FALSE,FALSE
"461",27270,2014,7,7,6,1,0,1,NA,0,TRUE,FALSE,FALSE,FALSE
"462",27285,2014,7,7,6,1,NA,NA,NA,NA,TRUE,FALSE,FALSE,FALSE
"463",27330,2014,7,7,6,1,0,1,NA,0,TRUE,FALSE,FALSE,FALSE
"464",27470,2014,7,7,6,1,NA,NA,NA,NA,TRUE,FALSE,FALSE,FALSE
"465",27480,2014,7,7,6,1,NA,NA,NA,NA,TRUE,FALSE,FALSE,FALSE
"466",27564,2014,7,7,6,1,NA,NA,NA,NA,TRUE,FALSE,FALSE,FALSE
"467",27600,2014,7,7,6,1,NA,NA,NA,NA,TRUE,FALSE,FALSE,FALSE
"468",27730,2014,7,7,6,1,NA,NA,NA,NA,TRUE,FALSE,FALSE,FALSE
"469",27780,2014,7,7,6,1,0,1,NA,0,TRUE,FALSE,TRUE,FALSE
"470",27785,2014,7,7,6,1,NA,NA,NA,NA,TRUE,FALSE,FALSE,FALSE
"471",27800,2014,7,7,6,1,NA,NA,NA,NA,TRUE,FALSE,FALSE,FALSE
"472",27860,2014,7,7,6,1,NA,NA,NA,NA,TRUE,FALSE,FALSE,FALSE
"473",29950,2014,7,7,6,1,NA,NA,NA,NA,TRUE,FALSE,FALSE,FALSE
"474",30000,2014,7,7,6,1,NA,NA,NA,NA,TRUE,FALSE,FALSE,FALSE
"475",30020,2014,7,7,6,1,NA,NA,NA,NA,TRUE,FALSE,FALSE,FALSE
"476",30242,2014,7,7,6,1,NA,NA,NA,NA,TRUE,FALSE,FALSE,FALSE
"477",30244,2014,7,7,6,1,NA,NA,NA,NA,TRUE,FALSE,FALSE,FALSE
"478",30246,2014,7,7,6,1,NA,NA,NA,NA,TRUE,FALSE,FALSE,FALSE
"479",26950,2014,7,7,6,1,0,1,NA,0,TRUE,FALSE,FALSE,FALSE
"480",26970,2014,7,7,6,1,NA,NA,NA,NA,TRUE,FALSE,FALSE,FALSE
"481",26980,2014,7,7,6,1,NA,NA,NA,NA,TRUE,FALSE,FALSE,FALSE
"482",26990,2014,7,7,6,1,0,1,NA,0,TRUE,FALSE,FALSE,FALSE
"483",26996,2014,7,7,6,1,NA,NA,NA,NA,TRUE,FALSE,FALSE,FALSE
"484",26750,2014,7,7,6,1,NA,NA,NA,NA,TRUE,FALSE,FALSE,FALSE
"485",27301,2014,7,7,6,1,NA,NA,NA,NA,TRUE,FALSE,FALSE,FALSE
"486",27315,2014,7,7,6,1,0,1,NA,0,TRUE,FALSE,FALSE,FALSE
"487",27320,2014,7,7,6,1,NA,NA,NA,NA,TRUE,FALSE,FALSE,FALSE
"488",27295,2014,7,7,6,1,NA,NA,NA,NA,TRUE,FALSE,FALSE,FALSE
"489",27450,2014,7,7,6,1,0,1,NA,0,TRUE,FALSE,FALSE,FALSE
"490",27770,2014,7,7,6,1,NA,NA,NA,NA,TRUE,FALSE,FALSE,FALSE
"491",27460,2014,7,7,6,1,NA,NA,NA,NA,TRUE,FALSE,FALSE,FALSE
"492",30247,2014,7,7,6,1,NA,NA,NA,NA,TRUE,FALSE,FALSE,FALSE
"493",30255,2014,7,7,6,1,NA,1,NA,7,TRUE,FALSE,FALSE,FALSE
"494",30260,2014,7,7,6,1,NA,NA,NA,NA,TRUE,FALSE,FALSE,FALSE
"495",30280,2014,7,7,6,1,NA,NA,NA,NA,TRUE,FALSE,FALSE,FALSE
"496",30305,2014,7,7,6,1,NA,NA,NA,NA,TRUE,FALSE,FALSE,FALSE
"497",30320,2014,7,7,6,1,NA,NA,NA,NA,TRUE,FALSE,FALSE,FALSE
"498",30330,2014,7,7,6,1,2.6,1,NA,0,TRUE,FALSE,FALSE,FALSE
"499",30380,2014,7,7,6,1,NA,NA,NA,NA,TRUE,FALSE,FALSE,FALSE
"500",30420,2014,7,7,6,1,NA,NA,NA,NA,TRUE,FALSE,FALSE,FALSE
"501",30428,2014,7,7,6,1,NA,NA,NA,NA,TRUE,FALSE,FALSE,FALSE
"502",32780,2014,7,7,6,1,NA,NA,NA,NA,TRUE,FALSE,FALSE,FALSE
"503",30530,2014,7,7,6,1,NA,NA,NA,NA,TRUE,FALSE,FALSE,FALSE
"504",30650,2014,7,7,6,1,NA,NA,NA,NA,TRUE,FALSE,FALSE,FALSE
"505",31700,2014,7,7,6,1,NA,NA,NA,NA,TRUE,FALSE,FALSE,FALSE
"506",34095,2014,7,7,6,1,NA,NA,NA,NA,TRUE,FALSE,FALSE,FALSE
"507",34100,2014,7,7,6,1,NA,NA,NA,NA,TRUE,FALSE,FALSE,FALSE
"508",34130,2014,7,7,6,1,NA,NA,NA,NA,TRUE,FALSE,FALSE,FALSE
"509",34370,2014,7,7,6,1,NA,NA,NA,NA,TRUE,FALSE,FALSE,FALSE
"510",34620,2014,7,7,6,1,NA,NA,NA,NA,TRUE,FALSE,FALSE,FALSE
"511",34800,2014,7,7,6,1,NA,NA,NA,NA,TRUE,FALSE,FALSE,FALSE
"512",34900,2014,7,7,6,1,NA,NA,NA,NA,TRUE,FALSE,FALSE,FALSE
"513",32490,2014,7,7,6,1,NA,NA,NA,NA,TRUE,FALSE,FALSE,FALSE
"514",32540,2014,7,7,6,1,NA,NA,NA,NA,TRUE,FALSE,FALSE,FALSE
"515",32220,2014,7,7,6,1,7.1,1,NA,0,TRUE,FALSE,TRUE,FALSE
"516",32240,2014,7,7,6,1,3.8,1,NA,0,TRUE,FALSE,FALSE,FALSE
"517",32060,2014,7,7,6,1,6.2,1,NA,0,TRUE,FALSE,FALSE,FALSE
"518",32061,2014,7,7,6,1,6.6,1,NA,0,TRUE,FALSE,TRUE,FALSE
"519",30860,2014,7,7,6,1,NA,NA,NA,NA,TRUE,FALSE,FALSE,FALSE
"520",31080,2014,7,7,6,1,NA,NA,NA,NA,TRUE,FALSE,FALSE,FALSE
"521",31410,2014,7,7,6,1,NA,NA,NA,NA,TRUE,FALSE,FALSE,FALSE
"522",31500,2014,7,7,6,1,NA,NA,NA,NA,TRUE,FALSE,FALSE,FALSE
"523",31520,2014,7,7,6,1,NA,NA,NA,NA,TRUE,FALSE,FALSE,FALSE
"524",31970,2014,7,7,6,1,NA,NA,NA,NA,TRUE,FALSE,FALSE,FALSE
"525",31850,2014,7,7,6,1,NA,NA,NA,NA,TRUE,FALSE,FALSE,FALSE
"526",31855,2014,7,7,6,1,NA,NA,NA,NA,TRUE,FALSE,FALSE,FALSE
"527",31900,2014,7,7,6,1,NA,NA,NA,NA,TRUE,FALSE,FALSE,FALSE
"528",32290,2014,7,7,6,1,NA,NA,NA,NA,TRUE,FALSE,FALSE,FALSE
"529",32350,2014,7,7,6,1,NA,NA,NA,NA,TRUE,FALSE,FALSE,FALSE
"530",32850,2014,7,7,6,1,NA,NA,NA,NA,TRUE,FALSE,FALSE,FALSE
"531",37150,2014,7,7,6,1,NA,NA,NA,NA,TRUE,FALSE,FALSE,FALSE
"532",37230,2014,7,7,6,1,5.6,1,NA,0,TRUE,FALSE,FALSE,FALSE
"533",37500,2014,7,7,6,1,NA,NA,NA,NA,TRUE,FALSE,FALSE,FALSE
"534",37650,2014,7,7,6,1,NA,NA,NA,NA,TRUE,FALSE,FALSE,FALSE
"535",37740,2014,7,7,6,1,NA,NA,NA,NA,TRUE,FALSE,FALSE,FALSE
"536",37820,2014,7,7,6,1,NA,NA,NA,NA,TRUE,FALSE,FALSE,FALSE
"537",32890,2014,7,7,6,1,NA,NA,NA,NA,TRUE,FALSE,FALSE,FALSE
"538",37570,2014,7,7,6,1,NA,NA,NA,NA,TRUE,FALSE,FALSE,FALSE
"539",31570,2014,7,7,6,1,NA,NA,NA,NA,TRUE,FALSE,FALSE,FALSE
"540",31620,2014,7,7,6,1,1.4,1,NA,0,TRUE,FALSE,FALSE,FALSE
"541",31660,2014,7,7,6,1,NA,NA,NA,NA,TRUE,FALSE,FALSE,FALSE
"542",33250,2014,7,7,6,1,NA,NA,NA,NA,TRUE,FALSE,FALSE,FALSE
"543",33555,2014,7,7,6,1,NA,NA,NA,NA,TRUE,FALSE,FALSE,FALSE
"544",33890,2014,7,7,6,1,NA,NA,NA,NA,TRUE,FALSE,FALSE,FALSE
"545",33950,2014,7,7,6,1,NA,NA,NA,NA,TRUE,FALSE,FALSE,FALSE
"546",35340,2014,7,7,6,1,NA,NA,NA,NA,TRUE,FALSE,FALSE,FALSE
"547",38140,2014,7,7,6,1,0,1,NA,0,TRUE,FALSE,FALSE,FALSE
"548",38150,2014,7,7,6,1,NA,NA,NA,NA,TRUE,FALSE,FALSE,FALSE
"549",36010,2014,7,7,6,1,NA,NA,NA,NA,TRUE,FALSE,FALSE,FALSE
"550",36110,2014,7,7,6,1,NA,NA,NA,NA,TRUE,FALSE,FALSE,FALSE
"551",36140,2014,7,7,6,1,NA,NA,NA,NA,TRUE,FALSE,FALSE,FALSE
"552",36200,2014,7,7,6,1,NA,NA,NA,NA,TRUE,FALSE,FALSE,FALSE
"553",35090,2014,7,7,6,1,NA,NA,NA,NA,TRUE,FALSE,FALSE,FALSE
"554",35110,2014,7,7,6,1,NA,NA,NA,NA,TRUE,FALSE,FALSE,FALSE
"555",35200,2014,7,7,6,1,NA,NA,NA,NA,TRUE,FALSE,FALSE,FALSE
"556",35210,2014,7,7,6,1,3.1,1,NA,0,TRUE,FALSE,FALSE,FALSE
"557",35860,2014,7,7,6,1,NA,NA,NA,NA,TRUE,FALSE,FALSE,FALSE
"558",36490,2014,7,7,6,1,NA,NA,NA,NA,TRUE,FALSE,FALSE,FALSE
"559",38600,2014,7,7,6,1,NA,NA,NA,NA,TRUE,FALSE,FALSE,FALSE
"560",38730,2014,7,7,6,1,0.1,1,NA,0,TRUE,FALSE,FALSE,FALSE
"561",38735,2014,7,7,6,1,NA,NA,NA,NA,TRUE,FALSE,FALSE,FALSE
"562",38250,2014,7,7,6,1,NA,NA,NA,NA,TRUE,FALSE,FALSE,FALSE
"563",38380,2014,7,7,6,1,NA,NA,NA,NA,TRUE,FALSE,FALSE,FALSE
"564",38421,2014,7,7,6,1,NA,NA,NA,NA,TRUE,FALSE,FALSE,FALSE
"565",38450,2014,7,7,6,1,NA,NA,NA,NA,TRUE,FALSE,FALSE,FALSE
"566",36560,2014,7,7,6,1,NA,NA,NA,NA,TRUE,FALSE,FALSE,FALSE
"567",38800,2014,7,7,6,1,NA,NA,NA,NA,TRUE,FALSE,FALSE,FALSE
"568",39750,2014,7,7,6,1,2.8,1,NA,0,TRUE,FALSE,FALSE,FALSE
"569",40005,2014,7,7,6,1,NA,NA,NA,NA,TRUE,FALSE,FALSE,FALSE
"570",40250,2014,7,7,6,1,0.8,1,NA,0,TRUE,FALSE,FALSE,FALSE
"571",40420,2014,7,7,6,1,NA,NA,NA,NA,TRUE,FALSE,FALSE,FALSE
"572",40510,2014,7,7,6,1,NA,NA,NA,NA,TRUE,FALSE,FALSE,FALSE
"573",40880,2014,7,7,6,1,NA,NA,NA,NA,TRUE,FALSE,FALSE,FALSE
"574",40905,2014,7,7,6,1,NA,NA,NA,NA,TRUE,FALSE,FALSE,FALSE
"575",39040,2014,7,7,6,1,NA,1,NA,7,TRUE,FALSE,FALSE,FALSE
"576",39100,2014,7,7,6,1,NA,NA,NA,NA,TRUE,FALSE,FALSE,FALSE
"577",39150,2014,7,7,6,1,NA,NA,NA,NA,TRUE,FALSE,FALSE,FALSE
"578",39160,2014,7,7,6,1,0,1,NA,5,TRUE,FALSE,FALSE,FALSE
"579",39165,2014,7,7,6,1,0,1,NA,0,TRUE,FALSE,FALSE,FALSE
"580",39200,2014,7,7,6,1,0,1,NA,0,TRUE,FALSE,FALSE,FALSE
"581",39201,2014,7,7,6,1,NA,NA,NA,NA,TRUE,FALSE,FALSE,FALSE
"582",39210,2014,7,7,6,1,NA,1,NA,7,TRUE,FALSE,FALSE,FALSE
"583",39212,2014,7,7,6,1,NA,NA,NA,NA,TRUE,FALSE,FALSE,FALSE
"584",39220,2014,7,7,6,1,NA,NA,NA,NA,TRUE,FALSE,FALSE,FALSE
"585",41005,2014,7,7,6,1,NA,NA,NA,NA,TRUE,FALSE,FALSE,FALSE
"586",41090,2014,7,7,6,1,0.3,1,NA,0,TRUE,FALSE,FALSE,FALSE
"587",42160,2014,7,7,6,1,0.4,1,NA,0,TRUE,FALSE,FALSE,FALSE
"588",42650,2014,7,7,6,1,NA,NA,NA,NA,TRUE,FALSE,FALSE,FALSE
"589",42700,2014,7,7,6,1,NA,NA,NA,NA,TRUE,FALSE,FALSE,FALSE
"590",42720,2014,7,7,6,1,NA,NA,NA,NA,TRUE,FALSE,FALSE,FALSE
"591",39450,2014,7,7,6,1,NA,NA,NA,NA,TRUE,FALSE,FALSE,FALSE
"592",41200,2014,7,7,6,1,NA,NA,NA,NA,TRUE,FALSE,FALSE,FALSE
"593",41480,2014,7,7,6,1,NA,NA,NA,NA,TRUE,FALSE,FALSE,FALSE
"594",41550,2014,7,7,6,1,NA,NA,NA,NA,TRUE,FALSE,FALSE,FALSE
"595",41670,2014,7,7,6,1,NA,NA,NA,NA,TRUE,FALSE,FALSE,FALSE
"596",41770,2014,7,7,6,1,NA,NA,NA,NA,TRUE,FALSE,FALSE,FALSE
"597",41795,2014,7,7,6,1,NA,NA,NA,NA,TRUE,FALSE,FALSE,FALSE
"598",41820,2014,7,7,6,1,NA,NA,NA,NA,TRUE,FALSE,FALSE,FALSE
"599",41825,2014,7,7,6,1,0.4,1,NA,0,TRUE,FALSE,FALSE,FALSE
"600",41990,2014,7,7,6,1,NA,NA,NA,NA,TRUE,FALSE,FALSE,FALSE
"601",41840,2014,7,7,6,1,NA,NA,NA,NA,TRUE,FALSE,FALSE,FALSE
"602",41860,2014,7,7,6,1,NA,NA,NA,NA,TRUE,FALSE,FALSE,FALSE
"603",42490,2014,7,7,6,1,NA,NA,NA,NA,TRUE,FALSE,FALSE,FALSE
"604",42520,2014,7,7,6,1,NA,NA,NA,NA,TRUE,FALSE,FALSE,FALSE
"605",42810,2014,7,7,6,1,NA,NA,NA,NA,TRUE,FALSE,FALSE,FALSE
"606",42940,2014,7,7,6,1,NA,NA,NA,NA,TRUE,FALSE,FALSE,FALSE
"607",42950,2014,7,7,6,1,NA,NA,NA,NA,TRUE,FALSE,FALSE,FALSE
"608",44985,2014,7,7,6,1,NA,NA,NA,NA,TRUE,FALSE,FALSE,FALSE
"609",43350,2014,7,7,6,1,NA,NA,NA,NA,TRUE,FALSE,FALSE,FALSE
"610",43360,2014,7,7,6,1,NA,NA,NA,NA,TRUE,FALSE,FALSE,FALSE
"611",43520,2014,7,7,6,1,NA,NA,NA,NA,TRUE,FALSE,FALSE,FALSE
"612",44710,2014,7,7,6,1,NA,NA,NA,NA,TRUE,FALSE,FALSE,FALSE
"613",44730,2014,7,7,6,1,NA,NA,NA,NA,TRUE,FALSE,FALSE,FALSE
"614",44760,2014,7,7,6,1,NA,NA,NA,NA,TRUE,FALSE,FALSE,FALSE
"615",44780,2014,7,7,6,1,NA,NA,NA,NA,TRUE,FALSE,FALSE,FALSE
"616",44800,2014,7,7,6,1,NA,NA,NA,NA,TRUE,FALSE,FALSE,FALSE
"617",44563,2014,7,7,6,1,NA,NA,NA,NA,TRUE,FALSE,FALSE,FALSE
"618",44580,2014,7,7,6,1,NA,NA,NA,NA,TRUE,FALSE,FALSE,FALSE
"619",44620,2014,7,7,6,1,NA,NA,NA,NA,TRUE,FALSE,FALSE,FALSE
"620",44640,2014,7,7,6,1,1.7,1,NA,0,TRUE,FALSE,FALSE,FALSE
"621",44660,2014,7,7,6,1,NA,NA,NA,NA,TRUE,FALSE,FALSE,FALSE
"622",47350,2014,7,7,6,1,NA,NA,NA,NA,TRUE,FALSE,FALSE,FALSE
"623",43090,2014,7,7,6,1,NA,NA,NA,NA,TRUE,FALSE,FALSE,FALSE
"624",43220,2014,7,7,6,1,NA,NA,NA,NA,TRUE,FALSE,FALSE,FALSE
"625",43010,2014,7,7,6,1,2.9,1,NA,0,TRUE,FALSE,FALSE,FALSE
"626",43530,2014,7,7,6,1,NA,NA,NA,NA,TRUE,FALSE,FALSE,FALSE
"627",43895,2014,7,7,6,1,NA,NA,NA,NA,TRUE,FALSE,FALSE,FALSE
"628",44080,2014,7,7,6,1,NA,NA,NA,NA,TRUE,FALSE,FALSE,FALSE
"629",44300,2014,7,7,6,1,3.2,1,NA,0,TRUE,FALSE,FALSE,FALSE
"630",44160,2014,7,7,6,1,NA,NA,NA,NA,TRUE,FALSE,FALSE,FALSE
"631",44190,2014,7,7,6,1,NA,NA,NA,NA,TRUE,FALSE,FALSE,FALSE
"632",43810,2014,7,7,6,1,NA,NA,NA,NA,TRUE,FALSE,FALSE,FALSE
"633",44480,2014,7,7,6,1,NA,NA,NA,NA,TRUE,FALSE,FALSE,FALSE
"634",44485,2014,7,7,6,1,NA,NA,NA,NA,TRUE,FALSE,FALSE,FALSE
"635",44520,2014,7,7,6,1,NA,NA,NA,NA,TRUE,FALSE,FALSE,FALSE
"636",44900,2014,7,7,6,1,NA,NA,NA,NA,TRUE,FALSE,FALSE,FALSE
"637",44970,2014,7,7,6,1,NA,NA,NA,NA,TRUE,FALSE,FALSE,FALSE
"638",44545,2014,7,7,6,1,NA,NA,NA,NA,TRUE,FALSE,FALSE,FALSE
"639",44550,2014,7,7,6,1,NA,NA,NA,NA,TRUE,FALSE,FALSE,FALSE
"640",44560,2014,7,7,6,1,NA,NA,NA,NA,TRUE,FALSE,FALSE,FALSE
"641",44567,2014,7,7,6,1,NA,NA,NA,NA,TRUE,FALSE,FALSE,FALSE
"642",45350,2014,7,7,6,1,0.2,1,NA,0,TRUE,FALSE,FALSE,FALSE
"643",45460,2014,7,7,6,1,NA,NA,NA,NA,TRUE,FALSE,FALSE,FALSE
"644",45530,2014,7,7,6,1,8.4,1,NA,0,TRUE,FALSE,FALSE,FALSE
"645",45600,2014,7,7,6,1,NA,NA,NA,NA,TRUE,FALSE,FALSE,FALSE
"646",45675,2014,7,7,6,1,NA,NA,NA,NA,TRUE,FALSE,FALSE,FALSE
"647",45770,2014,7,7,6,1,0.8,1,NA,0,TRUE,FALSE,FALSE,FALSE
"648",45870,2014,7,7,6,1,NA,NA,NA,NA,TRUE,FALSE,FALSE,FALSE
"649",46090,2014,7,7,6,1,NA,NA,NA,NA,TRUE,FALSE,FALSE,FALSE
"650",46130,2014,7,7,6,1,NA,NA,NA,NA,TRUE,FALSE,FALSE,FALSE
"651",46150,2014,7,7,6,1,NA,NA,NA,NA,TRUE,FALSE,FALSE,FALSE
"652",46300,2014,7,7,6,1,NA,NA,NA,NA,TRUE,FALSE,FALSE,FALSE
"653",46400,2014,7,7,6,1,NA,NA,NA,NA,TRUE,FALSE,FALSE,FALSE
"654",46610,2014,7,7,6,1,NA,NA,NA,NA,TRUE,FALSE,FALSE,FALSE
"655",46700,2014,7,7,6,1,NA,NA,NA,NA,TRUE,FALSE,FALSE,FALSE
"656",44605,2014,7,7,6,1,NA,NA,NA,NA,TRUE,FALSE,FALSE,FALSE
"657",44610,2014,7,7,6,1,NA,NA,NA,NA,TRUE,FALSE,FALSE,FALSE
"658",47055,2014,7,7,6,1,NA,NA,NA,NA,TRUE,FALSE,FALSE,FALSE
"659",47060,2014,7,7,6,1,NA,NA,NA,NA,TRUE,FALSE,FALSE,FALSE
"660",47220,2014,7,7,6,1,NA,NA,NA,NA,TRUE,FALSE,FALSE,FALSE
"661",47240,2014,7,7,6,1,NA,NA,NA,NA,TRUE,FALSE,FALSE,FALSE
"662",47260,2014,7,7,6,1,NA,NA,NA,NA,TRUE,FALSE,FALSE,FALSE
"663",47270,2014,7,7,6,1,NA,NA,NA,NA,TRUE,FALSE,FALSE,FALSE
"664",46850,2014,7,7,6,1,NA,NA,NA,NA,TRUE,FALSE,FALSE,FALSE
"665",46930,2014,7,7,6,1,9.5,1,NA,0,TRUE,FALSE,FALSE,FALSE
"666",47090,2014,7,7,6,1,NA,NA,NA,NA,TRUE,FALSE,FALSE,FALSE
"667",47480,2014,7,7,6,1,NA,NA,NA,NA,TRUE,FALSE,FALSE,FALSE
"668",50415,2014,7,7,6,1,NA,NA,NA,NA,TRUE,FALSE,FALSE,FALSE
"669",50450,2014,7,7,6,1,NA,NA,NA,NA,TRUE,FALSE,FALSE,FALSE
"670",50480,2014,7,7,6,1,NA,NA,NA,NA,TRUE,FALSE,FALSE,FALSE
"671",50485,2014,7,7,6,1,NA,NA,NA,NA,TRUE,FALSE,FALSE,FALSE
"672",50500,2014,7,7,6,1,NA,NA,NA,NA,TRUE,FALSE,FALSE,FALSE
"673",50505,2014,7,7,6,1,NA,NA,NA,NA,TRUE,FALSE,FALSE,FALSE
"674",50506,2014,7,7,6,1,NA,NA,NA,NA,TRUE,FALSE,FALSE,FALSE
"675",50507,2014,7,7,6,1,NA,NA,NA,NA,TRUE,FALSE,FALSE,FALSE
"676",50540,2014,7,7,6,1,2.4,1,NA,0,TRUE,FALSE,FALSE,FALSE
"677",50770,2014,7,7,6,1,NA,NA,NA,NA,TRUE,FALSE,FALSE,FALSE
"678",50830,2014,7,7,6,1,NA,NA,NA,NA,TRUE,FALSE,FALSE,FALSE
"679",50850,2014,7,7,6,1,NA,NA,NA,NA,TRUE,FALSE,FALSE,FALSE
"680",52452,2014,7,7,6,1,NA,NA,NA,NA,TRUE,FALSE,FALSE,FALSE
"681",47498,2014,7,7,6,1,NA,NA,NA,NA,TRUE,FALSE,FALSE,FALSE
"682",47500,2014,7,7,6,1,NA,NA,NA,NA,TRUE,FALSE,FALSE,FALSE
"683",47600,2014,7,7,6,1,NA,NA,NA,NA,TRUE,FALSE,FALSE,FALSE
"684",47610,2014,7,7,6,1,NA,NA,NA,NA,TRUE,FALSE,FALSE,FALSE
"685",47820,2014,7,7,6,1,NA,NA,NA,NA,TRUE,FALSE,FALSE,FALSE
"686",47445,2014,7,7,6,1,NA,NA,NA,NA,TRUE,FALSE,FALSE,FALSE
"687",47450,2014,7,7,6,1,NA,NA,NA,NA,TRUE,FALSE,FALSE,FALSE
"688",48061,2014,7,7,6,1,NA,NA,NA,NA,TRUE,FALSE,FALSE,FALSE
"689",48290,2014,7,7,6,1,NA,NA,NA,NA,TRUE,FALSE,FALSE,FALSE
"690",48330,2014,7,7,6,1,NA,NA,NA,NA,TRUE,FALSE,FALSE,FALSE
"691",48069,2014,7,7,6,1,NA,NA,NA,NA,TRUE,FALSE,FALSE,FALSE
"692",48070,2014,7,7,6,1,NA,NA,NA,NA,TRUE,FALSE,FALSE,FALSE
"693",48120,2014,7,7,6,1,NA,NA,NA,NA,TRUE,FALSE,FALSE,FALSE
"694",48170,2014,7,7,6,1,NA,NA,NA,NA,TRUE,FALSE,FALSE,FALSE
"695",47855,2014,7,7,6,1,NA,NA,NA,NA,TRUE,FALSE,FALSE,FALSE
"696",47890,2014,7,7,6,1,NA,NA,NA,NA,TRUE,FALSE,FALSE,FALSE
"697",48450,2014,7,7,6,1,NA,NA,NA,NA,TRUE,FALSE,FALSE,FALSE
"698",48500,2014,7,7,6,1,NA,NA,NA,NA,TRUE,FALSE,FALSE,FALSE
"699",48780,2014,7,7,6,1,NA,NA,NA,NA,TRUE,FALSE,FALSE,FALSE
"700",50150,2014,7,7,6,1,NA,NA,NA,NA,TRUE,FALSE,FALSE,FALSE
"701",49080,2014,7,7,6,1,NA,NA,NA,NA,TRUE,FALSE,FALSE,FALSE
"702",49087,2014,7,7,6,1,NA,NA,NA,NA,TRUE,FALSE,FALSE,FALSE
"703",33990,2014,7,7,6,1,NA,NA,NA,NA,TRUE,FALSE,FALSE,FALSE
"704",46430,2014,7,7,6,1,0.2,1,NA,0,TRUE,FALSE,FALSE,FALSE
"705",46432,2014,7,7,6,1,NA,NA,NA,NA,TRUE,FALSE,FALSE,FALSE
"706",46450,2014,7,7,6,1,NA,NA,NA,NA,TRUE,FALSE,FALSE,FALSE
"707",46510,2014,7,7,6,1,NA,NA,NA,NA,TRUE,FALSE,FALSE,FALSE
"708",49240,2014,7,7,6,1,NA,NA,NA,NA,TRUE,FALSE,FALSE,FALSE
"709",49351,2014,7,7,6,1,NA,NA,NA,NA,TRUE,FALSE,FALSE,FALSE
"710",49090,2014,7,7,6,1,NA,NA,NA,NA,TRUE,FALSE,FALSE,FALSE
"711",49120,2014,7,7,6,1,NA,NA,NA,NA,TRUE,FALSE,FALSE,FALSE
"712",49160,2014,7,7,6,1,NA,NA,NA,NA,TRUE,FALSE,FALSE,FALSE
"713",49480,2014,7,7,6,1,NA,NA,NA,NA,TRUE,FALSE,FALSE,FALSE
"714",49490,2014,7,7,6,1,0,1,NA,0,TRUE,FALSE,FALSE,FALSE
"715",49970,2014,7,7,6,1,NA,NA,NA,NA,TRUE,FALSE,FALSE,FALSE
"716",29400,2014,7,7,6,1,NA,NA,NA,NA,TRUE,FALSE,FALSE,FALSE
"717",29900,2014,7,7,6,1,NA,NA,NA,NA,TRUE,FALSE,FALSE,FALSE
"718",49631,2014,7,7,6,1,NA,NA,NA,NA,TRUE,FALSE,FALSE,FALSE
"719",49800,2014,7,7,6,1,NA,NA,NA,NA,TRUE,FALSE,FALSE,FALSE
"720",49860,2014,7,7,6,1,NA,NA,NA,NA,TRUE,FALSE,FALSE,FALSE
"721",25830,2014,7,7,6,1,NA,NA,NA,NA,TRUE,FALSE,FALSE,FALSE
"722",49910,2014,7,7,6,1,0,1,NA,0,TRUE,FALSE,FALSE,FALSE
"723",49955,2014,7,7,6,1,NA,NA,NA,NA,TRUE,FALSE,FALSE,FALSE
"724",53530,2014,7,7,6,1,NA,1,NA,7,TRUE,FALSE,TRUE,FALSE
"725",51250,2014,7,7,6,1,NA,NA,NA,NA,TRUE,FALSE,FALSE,FALSE
"726",51440,2014,7,7,6,1,0.8,1,NA,0,TRUE,FALSE,FALSE,FALSE
"727",51460,2014,7,7,6,1,NA,NA,NA,NA,TRUE,FALSE,FALSE,FALSE
"728",51470,2014,7,7,6,1,0.5,1,NA,0,TRUE,FALSE,FALSE,FALSE
"729",51530,2014,7,7,6,1,NA,NA,NA,NA,TRUE,FALSE,FALSE,FALSE
"730",51610,2014,7,7,6,1,NA,NA,NA,NA,TRUE,FALSE,FALSE,FALSE
"731",51800,2014,7,7,6,1,0.4,1,NA,0,TRUE,FALSE,FALSE,FALSE
"732",51940,2014,7,7,6,1,NA,NA,NA,NA,TRUE,FALSE,FALSE,FALSE
"733",51980,2014,7,7,6,1,NA,NA,NA,NA,TRUE,FALSE,FALSE,FALSE
"734",51990,2014,7,7,6,1,0,1,NA,0,TRUE,FALSE,FALSE,FALSE
"735",53160,2014,7,7,6,1,NA,NA,NA,NA,TRUE,FALSE,FALSE,FALSE
"736",50070,2014,7,7,6,1,NA,NA,NA,NA,TRUE,FALSE,FALSE,FALSE
"737",50080,2014,7,7,6,1,NA,NA,NA,NA,TRUE,FALSE,FALSE,FALSE
"738",50110,2014,7,7,6,1,0,1,NA,0,TRUE,FALSE,FALSE,FALSE
"739",50120,2014,7,7,6,1,NA,NA,NA,NA,TRUE,FALSE,FALSE,FALSE
"740",50310,2014,7,7,6,1,0.2,1,NA,0,TRUE,FALSE,FALSE,FALSE
"741",50311,2014,7,7,6,1,NA,NA,NA,NA,TRUE,FALSE,FALSE,FALSE
"742",50351,2014,7,7,6,1,NA,NA,NA,NA,TRUE,FALSE,FALSE,FALSE
"743",50360,2014,7,7,6,1,NA,NA,NA,NA,TRUE,FALSE,FALSE,FALSE
"744",50175,2014,7,7,6,1,7.9,1,NA,0,TRUE,FALSE,FALSE,FALSE
"745",50514,2014,7,7,6,1,NA,NA,NA,NA,TRUE,FALSE,FALSE,FALSE
"746",50515,2014,7,7,6,1,NA,NA,NA,NA,TRUE,FALSE,FALSE,FALSE
"747",50525,2014,7,7,6,1,NA,NA,NA,NA,TRUE,FALSE,FALSE,FALSE
"748",52458,2014,7,7,6,1,NA,NA,NA,NA,TRUE,FALSE,FALSE,FALSE
"749",52463,2014,7,7,6,1,NA,NA,NA,NA,TRUE,FALSE,FALSE,FALSE
"750",51010,2014,7,7,6,1,0,1,NA,0,TRUE,FALSE,FALSE,FALSE
"751",52170,2014,7,7,6,1,NA,NA,NA,NA,TRUE,FALSE,FALSE,FALSE
"752",52220,2014,7,7,6,1,NA,NA,NA,NA,TRUE,FALSE,FALSE,FALSE
"753",52310,2014,7,7,6,1,0.6,1,NA,0,TRUE,FALSE,FALSE,FALSE
"754",52320,2014,7,7,6,1,NA,NA,NA,NA,TRUE,FALSE,FALSE,FALSE
"755",52475,2014,7,7,6,1,NA,NA,NA,NA,TRUE,FALSE,FALSE,FALSE
"756",52360,2014,7,7,6,1,NA,NA,NA,NA,TRUE,FALSE,FALSE,FALSE
"757",52390,2014,7,7,6,1,NA,NA,NA,NA,TRUE,FALSE,FALSE,FALSE
"758",52400,2014,7,7,6,1,NA,NA,NA,NA,TRUE,FALSE,FALSE,FALSE
"759",52415,2014,7,7,6,1,NA,NA,NA,NA,TRUE,FALSE,FALSE,FALSE
"760",52555,2014,7,7,6,1,NA,NA,NA,NA,TRUE,FALSE,FALSE,FALSE
"761",52535,2014,7,7,6,1,NA,NA,NA,NA,TRUE,FALSE,FALSE,FALSE
"762",52601,2014,7,7,6,1,NA,NA,NA,NA,TRUE,FALSE,FALSE,FALSE
"763",52750,2014,7,7,6,1,NA,NA,NA,NA,TRUE,FALSE,FALSE,FALSE
"764",57630,2014,7,7,6,1,NA,NA,NA,NA,TRUE,FALSE,FALSE,FALSE
"765",57710,2014,7,7,6,1,NA,NA,NA,NA,TRUE,FALSE,FALSE,FALSE
"766",52860,2014,7,7,6,1,0.4,1,NA,0,TRUE,FALSE,FALSE,FALSE
"767",52930,2014,7,7,6,1,NA,NA,NA,NA,TRUE,FALSE,FALSE,FALSE
"768",52940,2014,7,7,6,1,NA,NA,NA,NA,TRUE,FALSE,FALSE,FALSE
"769",56400,2014,7,7,6,1,NA,NA,NA,NA,TRUE,FALSE,FALSE,FALSE
"770",52970,2014,7,7,6,1,NA,NA,NA,NA,TRUE,FALSE,FALSE,FALSE
"771",52990,2014,7,7,6,1,NA,NA,NA,NA,TRUE,FALSE,FALSE,FALSE
"772",56010,2014,7,7,6,1,NA,NA,NA,NA,TRUE,FALSE,FALSE,FALSE
"773",56320,2014,7,7,6,1,NA,NA,NA,NA,TRUE,FALSE,FALSE,FALSE
"774",53010,2014,7,7,6,1,NA,NA,NA,NA,TRUE,FALSE,FALSE,FALSE
"775",53070,2014,7,7,6,1,NA,NA,NA,NA,TRUE,FALSE,FALSE,FALSE
"776",53101,2014,7,7,6,1,NA,NA,NA,NA,TRUE,FALSE,FALSE,FALSE
"777",53130,2014,7,7,6,1,NA,NA,NA,NA,TRUE,FALSE,FALSE,FALSE
"778",55928,2014,7,7,6,1,0,1,NA,0,TRUE,FALSE,FALSE,FALSE
"779",55930,2014,7,7,6,1,NA,NA,NA,NA,TRUE,FALSE,FALSE,FALSE
"780",55970,2014,7,7,6,1,NA,NA,NA,NA,TRUE,FALSE,FALSE,FALSE
"781",55770,2014,7,7,6,1,0,1,NA,0,TRUE,FALSE,FALSE,FALSE
"782",55700,2014,7,7,6,1,NA,NA,NA,NA,TRUE,FALSE,FALSE,FALSE
"783",55701,2014,7,7,6,1,NA,NA,NA,NA,TRUE,FALSE,FALSE,FALSE
"784",55705,2014,7,7,6,1,NA,NA,NA,NA,TRUE,FALSE,FALSE,FALSE
"785",55730,2014,7,7,6,1,NA,NA,NA,NA,TRUE,FALSE,FALSE,FALSE
"786",55735,2014,7,7,6,1,NA,NA,NA,NA,TRUE,FALSE,FALSE,FALSE
"787",55760,2014,7,7,6,1,NA,NA,NA,NA,TRUE,FALSE,FALSE,FALSE
"788",55820,2014,7,7,6,1,NA,NA,NA,NA,TRUE,FALSE,FALSE,FALSE
"789",53280,2014,7,7,6,1,NA,NA,NA,NA,TRUE,FALSE,FALSE,FALSE
"790",53480,2014,7,7,6,1,NA,1,NA,2,TRUE,FALSE,FALSE,FALSE
"791",53700,2014,7,7,6,1,NA,NA,NA,NA,TRUE,FALSE,FALSE,FALSE
"792",53990,2014,7,7,6,1,NA,NA,NA,NA,TRUE,FALSE,FALSE,FALSE
"793",54110,2014,7,7,6,1,0,1,NA,0,TRUE,FALSE,FALSE,FALSE
"794",54180,2014,7,7,6,1,NA,NA,NA,NA,TRUE,FALSE,FALSE,FALSE
"795",54190,2014,7,7,6,1,NA,NA,NA,NA,TRUE,FALSE,FALSE,FALSE
"796",54320,2014,7,7,6,1,NA,NA,NA,NA,TRUE,FALSE,FALSE,FALSE
"797",54330,2014,7,7,6,1,NA,NA,NA,NA,TRUE,FALSE,FALSE,FALSE
"798",54420,2014,7,7,6,1,NA,NA,NA,NA,TRUE,FALSE,FALSE,FALSE
"799",54590,2014,7,7,6,1,NA,NA,NA,NA,TRUE,FALSE,FALSE,FALSE
"800",54600,2014,7,7,6,1,NA,NA,NA,NA,TRUE,FALSE,FALSE,FALSE
"801",54740,2014,7,7,6,1,NA,NA,NA,NA,TRUE,FALSE,FALSE,FALSE
"802",54770,2014,7,7,6,1,NA,NA,NA,NA,TRUE,FALSE,FALSE,FALSE
"803",54780,2014,7,7,6,1,NA,NA,NA,NA,TRUE,FALSE,FALSE,FALSE
"804",54815,2014,7,7,6,1,NA,NA,NA,NA,TRUE,FALSE,FALSE,FALSE
"805",55230,2014,7,7,6,1,NA,NA,NA,NA,TRUE,FALSE,FALSE,FALSE
"806",55300,2014,7,7,6,1,NA,NA,NA,NA,TRUE,FALSE,FALSE,FALSE
"807",55360,2014,7,7,6,1,NA,NA,NA,NA,TRUE,FALSE,FALSE,FALSE
"808",55520,2014,7,7,6,1,NA,NA,NA,NA,TRUE,FALSE,FALSE,FALSE
"809",55550,2014,7,7,6,1,NA,NA,NA,NA,TRUE,FALSE,FALSE,FALSE
"810",55670,2014,7,7,6,1,NA,NA,NA,NA,TRUE,FALSE,FALSE,FALSE
"811",56420,2014,7,7,6,1,0.7,1,NA,0,TRUE,FALSE,FALSE,FALSE
"812",56520,2014,7,7,6,1,NA,NA,NA,NA,TRUE,FALSE,FALSE,FALSE
"813",56250,2014,7,7,6,1,NA,NA,NA,NA,TRUE,FALSE,FALSE,FALSE
"814",56780,2014,7,7,6,1,NA,NA,NA,NA,TRUE,FALSE,FALSE,FALSE
"815",56850,2014,7,7,6,1,NA,NA,NA,NA,TRUE,FALSE,FALSE,FALSE
"816",57000,2014,7,7,6,1,NA,NA,NA,NA,TRUE,FALSE,FALSE,FALSE
"817",57365,2014,7,7,6,1,NA,NA,NA,NA,TRUE,FALSE,FALSE,FALSE
"818",57380,2014,7,7,6,1,NA,NA,NA,NA,TRUE,FALSE,FALSE,FALSE
"819",57390,2014,7,7,6,1,NA,NA,NA,NA,TRUE,FALSE,FALSE,FALSE
"820",56960,2014,7,7,6,1,NA,NA,NA,NA,TRUE,FALSE,FALSE,FALSE
"821",57420,2014,7,7,6,1,NA,NA,NA,NA,TRUE,FALSE,FALSE,FALSE
"822",57480,2014,7,7,6,1,NA,NA,NA,NA,TRUE,FALSE,FALSE,FALSE
"823",57790,2014,7,7,6,1,NA,NA,NA,NA,TRUE,FALSE,FALSE,FALSE
"824",57810,2014,7,7,6,1,0.3,1,NA,0,TRUE,FALSE,FALSE,FALSE
"825",57850,2014,7,7,6,1,NA,NA,NA,NA,TRUE,FALSE,FALSE,FALSE
"826",57940,2014,7,7,6,1,NA,NA,NA,NA,TRUE,FALSE,FALSE,FALSE
"827",59110,2014,7,7,6,1,NA,NA,NA,NA,TRUE,FALSE,FALSE,FALSE
"828",59250,2014,7,7,6,1,NA,NA,NA,NA,TRUE,FALSE,FALSE,FALSE
"829",59450,2014,7,7,6,1,NA,NA,NA,NA,TRUE,FALSE,FALSE,FALSE
"830",59500,2014,7,7,6,1,NA,NA,NA,NA,TRUE,FALSE,FALSE,FALSE
"831",58780,2014,7,7,6,1,NA,NA,NA,NA,TRUE,FALSE,FALSE,FALSE
"832",58960,2014,7,7,6,1,NA,NA,NA,NA,TRUE,FALSE,FALSE,FALSE
"833",57660,2014,7,7,6,1,NA,NA,NA,NA,TRUE,FALSE,FALSE,FALSE
"834",57990,2014,7,7,6,1,NA,NA,NA,NA,TRUE,FALSE,FALSE,FALSE
"835",58030,2014,7,7,6,1,NA,NA,NA,NA,TRUE,FALSE,FALSE,FALSE
"836",58070,2014,7,7,6,1,NA,NA,NA,NA,TRUE,FALSE,FALSE,FALSE
"837",58090,2014,7,7,6,1,NA,NA,NA,NA,TRUE,FALSE,FALSE,FALSE
"838",58100,2014,7,7,6,1,NA,NA,NA,NA,TRUE,FALSE,FALSE,FALSE
"839",58110,2014,7,7,6,1,NA,NA,NA,NA,TRUE,FALSE,FALSE,FALSE
"840",58320,2014,7,7,6,1,NA,NA,NA,NA,TRUE,FALSE,FALSE,FALSE
"841",58350,2014,7,7,6,1,NA,NA,NA,NA,TRUE,FALSE,FALSE,FALSE
"842",58390,2014,7,7,6,1,NA,NA,NA,NA,TRUE,FALSE,FALSE,FALSE
"843",58480,2014,7,7,6,1,NA,NA,NA,NA,TRUE,FALSE,FALSE,FALSE
"844",58533,2014,7,7,6,1,NA,NA,NA,NA,TRUE,FALSE,FALSE,FALSE
"845",58705,2014,7,7,6,1,NA,NA,NA,NA,TRUE,FALSE,FALSE,FALSE
"846",58710,2014,7,7,6,1,NA,NA,NA,NA,TRUE,FALSE,FALSE,FALSE
"847",58900,2014,7,7,6,1,0,1,NA,0,TRUE,FALSE,FALSE,FALSE
"848",58910,2014,7,7,6,1,NA,NA,NA,NA,TRUE,FALSE,FALSE,FALSE
"849",62160,2014,7,7,6,1,NA,NA,NA,NA,TRUE,FALSE,FALSE,FALSE
"850",62200,2014,7,7,6,1,NA,NA,NA,NA,TRUE,FALSE,FALSE,FALSE
"851",62240,2014,7,7,6,1,NA,NA,NA,NA,TRUE,FALSE,FALSE,FALSE
"852",62270,2014,7,7,6,1,NA,NA,NA,NA,TRUE,FALSE,FALSE,FALSE
"853",60850,2014,7,7,6,1,0,1,NA,0,TRUE,FALSE,FALSE,FALSE
"854",60890,2014,7,7,6,1,0,1,NA,0,TRUE,FALSE,FALSE,FALSE
"855",60930,2014,7,7,6,1,0,1,NA,0,TRUE,FALSE,FALSE,FALSE
"856",60945,2014,7,7,6,1,NA,1,NA,7,TRUE,FALSE,FALSE,FALSE
"857",60947,2014,7,7,6,1,NA,NA,NA,NA,TRUE,FALSE,FALSE,FALSE
"858",64200,2014,7,7,6,1,NA,NA,NA,NA,TRUE,FALSE,FALSE,FALSE
"859",64242,2014,7,7,6,1,NA,NA,NA,NA,TRUE,FALSE,FALSE,FALSE
"860",64300,2014,7,7,6,1,NA,NA,NA,NA,TRUE,FALSE,FALSE,FALSE
"861",64320,2014,7,7,6,1,NA,NA,NA,NA,TRUE,FALSE,FALSE,FALSE
"862",64330,2014,7,7,6,1,NA,NA,NA,NA,TRUE,FALSE,FALSE,FALSE
"863",59610,2014,7,7,6,1,NA,NA,NA,NA,TRUE,FALSE,FALSE,FALSE
"864",59800,2014,7,7,6,1,NA,NA,NA,NA,TRUE,FALSE,FALSE,FALSE
"865",59586,2014,7,7,6,1,NA,NA,NA,NA,TRUE,FALSE,FALSE,FALSE
"866",69661,2014,7,7,6,1,NA,NA,NA,NA,TRUE,FALSE,FALSE,FALSE
"867",59680,2014,7,7,6,1,NA,NA,NA,NA,TRUE,FALSE,FALSE,FALSE
"868",59681,2014,7,7,6,1,NA,NA,NA,NA,TRUE,FALSE,FALSE,FALSE
"869",59695,2014,7,7,6,1,NA,NA,NA,NA,TRUE,FALSE,FALSE,FALSE
"870",59860,2014,7,7,6,1,NA,NA,NA,NA,TRUE,FALSE,FALSE,FALSE
"871",59900,2014,7,7,6,1,NA,NA,NA,NA,TRUE,FALSE,FALSE,FALSE
"872",60810,2014,7,7,6,1,NA,NA,NA,NA,TRUE,FALSE,FALSE,FALSE
"873",60400,2014,7,7,6,1,NA,NA,NA,NA,TRUE,FALSE,FALSE,FALSE
"874",60500,2014,7,7,6,1,0,1,NA,0,TRUE,FALSE,FALSE,FALSE
"875",60610,2014,7,7,6,1,NA,NA,NA,NA,TRUE,FALSE,FALSE,FALSE
"876",60620,2014,7,7,6,1,NA,NA,NA,NA,TRUE,FALSE,FALSE,FALSE
"877",60640,2014,7,7,6,1,NA,NA,NA,NA,TRUE,FALSE,FALSE,FALSE
"878",60650,2014,7,7,6,1,0,1,NA,0,TRUE,FALSE,FALSE,FALSE
"879",60190,2014,7,7,6,1,NA,NA,NA,NA,TRUE,FALSE,FALSE,FALSE
"880",60240,2014,7,7,6,1,0,1,NA,0,TRUE,FALSE,FALSE,FALSE
"881",60247,2014,7,7,6,1,NA,NA,NA,NA,TRUE,FALSE,FALSE,FALSE
"882",60670,2014,7,7,6,1,NA,NA,NA,NA,TRUE,FALSE,FALSE,FALSE
"883",60835,2014,7,7,6,1,NA,NA,NA,NA,TRUE,FALSE,FALSE,FALSE
"884",60880,2014,7,7,6,1,NA,NA,NA,NA,TRUE,FALSE,FALSE,FALSE
"885",60990,2014,7,7,6,1,NA,NA,NA,NA,TRUE,FALSE,FALSE,FALSE
"886",61040,2014,7,7,6,1,NA,NA,NA,NA,TRUE,FALSE,FALSE,FALSE
"887",61060,2014,7,7,6,1,NA,NA,NA,NA,TRUE,FALSE,FALSE,FALSE
"888",61070,2014,7,7,6,1,NA,NA,NA,NA,TRUE,FALSE,FALSE,FALSE
"889",61340,2014,7,7,6,1,0,1,NA,0,TRUE,FALSE,FALSE,FALSE
"890",61408,2014,7,7,6,1,NA,NA,NA,NA,TRUE,FALSE,FALSE,FALSE
"891",61410,2014,7,7,6,1,NA,NA,NA,NA,TRUE,FALSE,FALSE,FALSE
"892",61420,2014,7,7,6,1,0.1,1,NA,0,TRUE,FALSE,FALSE,FALSE
"893",61580,2014,7,7,6,1,NA,NA,NA,NA,TRUE,FALSE,FALSE,FALSE
"894",61820,2014,7,7,6,1,NA,NA,NA,NA,TRUE,FALSE,FALSE,FALSE
"895",63000,2014,7,7,6,1,NA,NA,NA,NA,TRUE,FALSE,FALSE,FALSE
"896",62480,2014,7,7,6,1,0,1,NA,0,TRUE,FALSE,FALSE,FALSE
"897",62700,2014,7,7,6,1,NA,NA,NA,NA,TRUE,FALSE,FALSE,FALSE
"898",62900,2014,7,7,6,1,NA,NA,NA,NA,TRUE,FALSE,FALSE,FALSE
"899",64460,2014,7,7,6,1,NA,NA,NA,NA,TRUE,FALSE,FALSE,FALSE
"900",64510,2014,7,7,6,1,0,1,NA,0,TRUE,FALSE,FALSE,FALSE
"901",63100,2014,7,7,6,1,NA,NA,NA,NA,TRUE,FALSE,FALSE,FALSE
"902",63420,2014,7,7,6,1,NA,NA,NA,NA,TRUE,FALSE,FALSE,FALSE
"903",63530,2014,7,7,6,1,NA,NA,NA,NA,TRUE,FALSE,FALSE,FALSE
"904",64700,2014,7,7,6,1,NA,NA,NA,NA,TRUE,FALSE,FALSE,FALSE
"905",64760,2014,7,7,6,1,0,1,NA,0,TRUE,FALSE,FALSE,FALSE
"906",64870,2014,7,7,6,1,NA,NA,NA,NA,TRUE,FALSE,FALSE,FALSE
"907",64590,2014,7,7,6,1,NA,NA,NA,NA,TRUE,FALSE,FALSE,FALSE
"908",64900,2014,7,7,6,1,NA,NA,NA,NA,TRUE,FALSE,FALSE,FALSE
"909",64940,2014,7,7,6,1,NA,NA,NA,NA,TRUE,FALSE,FALSE,FALSE
"910",65310,2014,7,7,6,1,NA,NA,NA,NA,TRUE,FALSE,FALSE,FALSE
"911",65370,2014,7,7,6,1,NA,NA,NA,NA,TRUE,FALSE,FALSE,FALSE
"912",67140,2014,7,7,6,1,0,1,NA,0,TRUE,FALSE,FALSE,FALSE
"913",67150,2014,7,7,6,1,NA,NA,NA,NA,TRUE,FALSE,FALSE,FALSE
"914",67153,2014,7,7,6,1,NA,NA,NA,NA,TRUE,FALSE,FALSE,FALSE
"915",68050,2014,7,7,6,1,0,1,NA,0,TRUE,FALSE,FALSE,FALSE
"916",68120,2014,7,7,6,1,0,1,NA,0,TRUE,FALSE,FALSE,FALSE
"917",68125,2014,7,7,6,1,0,1,NA,0,TRUE,FALSE,FALSE,FALSE
"918",68135,2014,7,7,6,1,NA,NA,NA,NA,TRUE,FALSE,FALSE,FALSE
"919",68175,2014,7,7,6,1,NA,NA,NA,NA,TRUE,FALSE,FALSE,FALSE
"920",68230,2014,7,7,6,1,NA,NA,NA,NA,TRUE,FALSE,FALSE,FALSE
"921",68238,2014,7,7,6,1,NA,NA,NA,NA,TRUE,FALSE,FALSE,FALSE
"922",68860,2014,7,7,6,1,0,1,NA,0,TRUE,FALSE,FALSE,FALSE
"923",68863,2014,7,7,6,1,NA,NA,NA,NA,TRUE,FALSE,FALSE,FALSE
"924",69020,2014,7,7,6,1,0,1,NA,0,TRUE,FALSE,FALSE,FALSE
"925",65230,2014,7,7,6,1,NA,NA,NA,NA,TRUE,FALSE,FALSE,FALSE
"926",65270,2014,7,7,6,1,NA,NA,NA,NA,TRUE,FALSE,FALSE,FALSE
"927",65451,2014,7,7,6,1,0,1,NA,0,TRUE,FALSE,FALSE,FALSE
"928",65530,2014,7,7,6,1,NA,NA,NA,NA,TRUE,FALSE,FALSE,FALSE
"929",65940,2014,7,7,6,1,NA,NA,NA,NA,TRUE,FALSE,FALSE,FALSE
"930",71530,2014,7,7,6,1,NA,NA,NA,NA,TRUE,FALSE,FALSE,FALSE
"931",71550,2014,7,7,6,1,NA,NA,NA,NA,TRUE,FALSE,FALSE,FALSE
"932",71320,2014,7,7,6,1,0,1,NA,0,TRUE,FALSE,FALSE,FALSE
"933",71370,2014,7,7,6,1,NA,NA,NA,NA,TRUE,FALSE,FALSE,FALSE
"934",71380,2014,7,7,6,1,NA,NA,NA,NA,TRUE,FALSE,FALSE,FALSE
"935",71740,2014,7,7,6,1,NA,NA,NA,NA,TRUE,FALSE,FALSE,FALSE
"936",71750,2014,7,7,6,1,NA,NA,NA,NA,TRUE,FALSE,FALSE,FALSE
"937",71780,2014,7,7,6,1,NA,NA,NA,NA,TRUE,FALSE,FALSE,FALSE
"938",71805,2014,7,7,6,1,NA,NA,NA,NA,TRUE,FALSE,FALSE,FALSE
"939",71810,2014,7,7,6,1,NA,NA,NA,NA,TRUE,FALSE,FALSE,FALSE
"940",71900,2014,7,7,6,1,NA,NA,NA,NA,TRUE,FALSE,FALSE,FALSE
"941",71910,2014,7,7,6,1,NA,NA,NA,NA,TRUE,FALSE,FALSE,FALSE
"942",71990,2014,7,7,6,1,NA,NA,NA,NA,TRUE,FALSE,FALSE,FALSE
"943",63580,2014,7,7,6,1,NA,NA,NA,NA,TRUE,FALSE,FALSE,FALSE
"944",63583,2014,7,7,6,1,NA,NA,NA,NA,TRUE,FALSE,FALSE,FALSE
"945",63595,2014,7,7,6,1,NA,NA,NA,NA,TRUE,FALSE,FALSE,FALSE
"946",63705,2014,7,7,6,1,0,1,NA,0,TRUE,FALSE,FALSE,FALSE
"947",63725,2014,7,7,6,1,NA,NA,NA,NA,TRUE,FALSE,FALSE,FALSE
"948",63750,2014,7,7,6,1,NA,NA,NA,NA,TRUE,FALSE,FALSE,FALSE
"949",63820,2014,7,7,6,1,NA,NA,NA,NA,TRUE,FALSE,FALSE,FALSE
"950",63850,2014,7,7,6,1,NA,NA,NA,NA,TRUE,FALSE,FALSE,FALSE
"951",63940,2014,7,7,6,1,NA,NA,NA,NA,TRUE,FALSE,FALSE,FALSE
"952",66560,2014,7,7,6,1,NA,NA,NA,NA,TRUE,FALSE,FALSE,FALSE
"953",66620,2014,7,7,6,1,NA,NA,NA,NA,TRUE,FALSE,FALSE,FALSE
"954",66630,2014,7,7,6,1,NA,NA,NA,NA,TRUE,FALSE,FALSE,FALSE
"955",66720,2014,7,7,6,1,NA,NA,NA,NA,TRUE,FALSE,FALSE,FALSE
"956",66740,2014,7,7,6,1,NA,NA,NA,NA,TRUE,FALSE,FALSE,FALSE
"957",67340,2014,7,7,6,1,NA,NA,NA,NA,TRUE,FALSE,FALSE,FALSE
"958",66230,2014,7,7,6,1,NA,NA,NA,NA,TRUE,FALSE,FALSE,FALSE
"959",65275,2014,7,7,6,1,NA,NA,NA,NA,TRUE,FALSE,FALSE,FALSE
"960",66070,2014,7,7,6,1,NA,NA,NA,NA,TRUE,FALSE,FALSE,FALSE
"961",66120,2014,7,7,6,1,NA,NA,NA,NA,TRUE,FALSE,FALSE,FALSE
"962",66150,2014,7,7,6,1,NA,NA,NA,NA,TRUE,FALSE,FALSE,FALSE
"963",66175,2014,7,7,6,1,NA,NA,NA,NA,TRUE,FALSE,FALSE,FALSE
"964",10300,2014,7,7,6,1,NA,NA,NA,NA,TRUE,FALSE,FALSE,FALSE
"965",10380,2014,7,7,6,1,NA,NA,NA,NA,TRUE,FALSE,FALSE,FALSE
"966",10600,2014,7,7,6,1,NA,NA,NA,NA,TRUE,FALSE,FALSE,FALSE
"967",10800,2014,7,7,6,1,NA,NA,NA,NA,TRUE,FALSE,FALSE,FALSE
"968",67890,2014,7,7,6,1,NA,NA,NA,NA,TRUE,FALSE,FALSE,FALSE
"969",67780,2014,7,7,6,1,NA,NA,NA,NA,TRUE,FALSE,FALSE,FALSE
"970",67270,2014,7,7,6,1,NA,NA,NA,NA,TRUE,FALSE,FALSE,FALSE
"971",67280,2014,7,7,6,1,0,1,NA,0,TRUE,FALSE,FALSE,FALSE
"972",67290,2014,7,7,6,1,NA,NA,NA,NA,TRUE,FALSE,FALSE,FALSE
"973",67560,2014,7,7,6,1,0,1,NA,0,TRUE,FALSE,FALSE,FALSE
"974",67202,2014,7,7,6,1,NA,NA,NA,NA,TRUE,FALSE,FALSE,FALSE
"975",67210,2014,7,7,6,1,NA,NA,NA,NA,TRUE,FALSE,FALSE,FALSE
"976",68270,2014,7,7,6,1,NA,NA,NA,NA,TRUE,FALSE,FALSE,FALSE
"977",67005,2014,7,7,6,1,NA,NA,NA,NA,TRUE,FALSE,FALSE,FALSE
"978",68290,2014,7,7,6,1,NA,NA,NA,NA,TRUE,FALSE,FALSE,FALSE
"979",69190,2014,7,7,6,1,NA,NA,NA,NA,TRUE,FALSE,FALSE,FALSE
"980",11000,2014,7,7,6,1,NA,NA,NA,NA,TRUE,FALSE,FALSE,FALSE
"981",68420,2014,7,7,6,1,NA,NA,NA,NA,TRUE,FALSE,FALSE,FALSE
"982",68840,2014,7,7,6,1,NA,NA,NA,NA,TRUE,FALSE,FALSE,FALSE
"983",70680,2014,7,7,6,1,0,1,NA,0,TRUE,FALSE,FALSE,FALSE
"984",70820,2014,7,7,6,1,NA,NA,NA,NA,TRUE,FALSE,FALSE,FALSE
"985",70980,2014,7,7,6,1,NA,NA,NA,NA,TRUE,FALSE,FALSE,FALSE
"986",71000,2014,7,7,6,1,NA,NA,NA,NA,TRUE,FALSE,FALSE,FALSE
"987",72250,2014,7,7,6,1,NA,NA,NA,NA,TRUE,FALSE,FALSE,FALSE
"988",72580,2014,7,7,6,1,NA,NA,NA,NA,TRUE,FALSE,FALSE,FALSE
"989",75020,2014,7,7,6,1,NA,NA,NA,NA,TRUE,FALSE,FALSE,FALSE
"990",69380,2014,7,7,6,1,NA,NA,NA,NA,TRUE,FALSE,FALSE,FALSE
"991",69420,2014,7,7,6,1,NA,NA,NA,NA,TRUE,FALSE,FALSE,FALSE
"992",69520,2014,7,7,6,1,NA,NA,NA,NA,TRUE,FALSE,FALSE,FALSE
"993",69090,2014,7,7,6,1,NA,NA,NA,NA,TRUE,FALSE,FALSE,FALSE
"994",69100,2014,7,7,6,1,NA,NA,NA,NA,TRUE,FALSE,FALSE,FALSE
"995",69150,2014,7,7,6,1,0,1,NA,0,TRUE,FALSE,FALSE,FALSE
"996",69280,2014,7,7,6,1,NA,NA,NA,NA,TRUE,FALSE,FALSE,FALSE
"997",69550,2014,7,7,6,1,NA,NA,NA,NA,TRUE,FALSE,FALSE,FALSE
"998",69655,2014,7,7,6,1,0,1,NA,0,TRUE,FALSE,FALSE,FALSE
"999",71280,2014,7,7,6,1,NA,NA,NA,NA,TRUE,FALSE,FALSE,FALSE
"1000",69625,2014,7,7,6,1,NA,NA,NA,NA,TRUE,FALSE,FALSE,FALSE
"1001",69960,2014,7,7,6,1,NA,NA,NA,NA,TRUE,FALSE,FALSE,FALSE
"1002",70150,2014,7,7,6,1,NA,NA,NA,NA,TRUE,FALSE,FALSE,FALSE
"1003",70390,2014,7,7,6,1,NA,NA,NA,NA,TRUE,FALSE,FALSE,FALSE
"1004",70510,2014,7,7,6,1,NA,NA,NA,NA,TRUE,FALSE,FALSE,FALSE
"1005",72200,2014,7,7,6,1,NA,NA,NA,NA,TRUE,FALSE,FALSE,FALSE
"1006",70850,2014,7,7,6,1,0,1,NA,0,TRUE,FALSE,FALSE,FALSE
"1007",70930,2014,7,7,6,1,NA,NA,NA,NA,TRUE,FALSE,FALSE,FALSE
"1008",70960,2014,7,7,6,1,NA,NA,NA,NA,TRUE,FALSE,FALSE,FALSE
"1009",73210,2014,7,7,6,1,NA,NA,NA,NA,TRUE,FALSE,FALSE,FALSE
"1010",73250,2014,7,7,6,1,NA,NA,NA,NA,TRUE,FALSE,FALSE,FALSE
"1011",73500,2014,7,7,6,1,NA,NA,NA,NA,TRUE,FALSE,FALSE,FALSE
"1012",73800,2014,7,7,6,1,NA,NA,NA,NA,TRUE,FALSE,FALSE,FALSE
"1013",74320,2014,7,7,6,1,NA,NA,NA,NA,TRUE,FALSE,FALSE,FALSE
"1014",74350,2014,7,7,6,1,NA,NA,NA,NA,TRUE,FALSE,FALSE,FALSE
"1015",74670,2014,7,7,6,1,NA,NA,NA,NA,TRUE,FALSE,FALSE,FALSE
"1016",73550,2014,7,7,6,1,0,1,NA,0,TRUE,FALSE,FALSE,FALSE
"1017",78910,2014,7,7,6,1,NA,NA,NA,NA,TRUE,FALSE,FALSE,FALSE
"1018",72650,2014,7,7,6,1,NA,NA,NA,NA,TRUE,FALSE,FALSE,FALSE
"1019",72710,2014,7,7,6,1,0,1,NA,0,TRUE,FALSE,TRUE,FALSE
"1020",75220,2014,7,7,6,1,NA,NA,NA,NA,TRUE,FALSE,FALSE,FALSE
"1021",75100,2014,7,7,6,1,NA,NA,NA,NA,TRUE,FALSE,FALSE,FALSE
"1022",75190,2014,7,7,6,1,NA,NA,NA,NA,TRUE,FALSE,FALSE,FALSE
"1023",71200,2014,7,7,6,1,NA,NA,NA,NA,TRUE,FALSE,FALSE,FALSE
"1024",71230,2014,7,7,6,1,NA,NA,NA,NA,TRUE,FALSE,FALSE,FALSE
"1025",81360,2014,7,7,6,1,NA,NA,NA,NA,TRUE,FALSE,FALSE,FALSE
"1026",81365,2014,7,7,6,1,0,1,NA,0,TRUE,FALSE,FALSE,FALSE
"1027",81370,2014,7,7,6,1,NA,NA,NA,NA,TRUE,FALSE,FALSE,FALSE
"1028",82160,2014,7,7,6,1,NA,NA,NA,NA,TRUE,FALSE,FALSE,FALSE
"1029",82210,2014,7,7,6,1,NA,NA,NA,NA,TRUE,FALSE,FALSE,FALSE
"1030",82220,2014,7,7,6,1,NA,NA,NA,NA,TRUE,FALSE,FALSE,FALSE
"1031",82260,2014,7,7,6,1,NA,NA,NA,NA,TRUE,FALSE,FALSE,FALSE
"1032",82290,2014,7,7,6,1,NA,NA,NA,NA,TRUE,FALSE,FALSE,FALSE
"1033",82300,2014,7,7,6,1,NA,NA,NA,NA,TRUE,FALSE,FALSE,FALSE
"1034",82310,2014,7,7,6,1,NA,NA,NA,NA,TRUE,FALSE,FALSE,FALSE
"1035",82530,2014,7,7,6,1,NA,NA,NA,NA,TRUE,FALSE,FALSE,FALSE
"1036",84093,2014,7,7,6,1,NA,NA,NA,NA,TRUE,FALSE,FALSE,FALSE
"1037",84190,2014,7,7,6,1,NA,NA,NA,NA,TRUE,FALSE,FALSE,FALSE
"1038",84210,2014,7,7,6,1,NA,NA,NA,NA,TRUE,FALSE,FALSE,FALSE
"1039",84380,2014,7,7,6,1,NA,NA,NA,NA,TRUE,FALSE,FALSE,FALSE
"1040",84500,2014,7,7,6,1,0,1,NA,0,TRUE,FALSE,FALSE,FALSE
"1041",84630,2014,7,7,6,1,NA,NA,NA,NA,TRUE,FALSE,FALSE,FALSE
"1042",84700,2014,7,7,6,1,NA,NA,NA,NA,TRUE,FALSE,FALSE,FALSE
"1043",84905,2014,7,7,6,1,NA,NA,NA,NA,TRUE,FALSE,FALSE,FALSE
"1044",84910,2014,7,7,6,1,NA,NA,NA,NA,TRUE,FALSE,FALSE,FALSE
"1045",84920,2014,7,7,6,1,NA,NA,NA,NA,TRUE,FALSE,FALSE,FALSE
"1046",76100,2014,7,7,6,1,NA,NA,NA,NA,TRUE,FALSE,FALSE,FALSE
"1047",76250,2014,7,7,6,1,NA,NA,NA,NA,TRUE,FALSE,FALSE,FALSE
"1048",76330,2014,7,7,6,1,NA,NA,NA,NA,TRUE,FALSE,FALSE,FALSE
"1049",76380,2014,7,7,6,1,NA,NA,NA,NA,TRUE,FALSE,FALSE,FALSE
"1050",76450,2014,7,7,6,1,0,1,NA,0,TRUE,FALSE,FALSE,FALSE
"1051",76470,2014,7,7,6,1,NA,NA,NA,NA,TRUE,FALSE,FALSE,FALSE
"1052",76530,2014,7,7,6,1,0,1,NA,0,TRUE,FALSE,FALSE,FALSE
"1053",76750,2014,7,7,6,1,NA,NA,NA,NA,TRUE,FALSE,FALSE,FALSE
"1054",78250,2014,7,7,6,1,NA,NA,NA,NA,TRUE,FALSE,FALSE,FALSE
"1055",78350,2014,7,7,6,1,NA,NA,NA,NA,TRUE,FALSE,FALSE,FALSE
"1056",77230,2014,7,7,6,1,0,1,NA,0,TRUE,FALSE,FALSE,FALSE
"1057",77240,2014,7,7,6,1,NA,NA,NA,NA,TRUE,FALSE,FALSE,FALSE
"1058",78170,2014,7,7,6,1,NA,NA,NA,NA,TRUE,FALSE,FALSE,FALSE
"1059",78360,2014,7,7,6,1,0,1,NA,0,TRUE,FALSE,FALSE,FALSE
"1060",77270,2014,7,7,6,1,NA,NA,NA,NA,TRUE,FALSE,FALSE,FALSE
"1061",77280,2014,7,7,6,1,0,1,NA,0,TRUE,FALSE,FALSE,FALSE
"1062",77425,2014,7,7,6,1,0,1,NA,0,TRUE,FALSE,FALSE,FALSE
"1063",77850,2014,7,7,6,1,NA,NA,NA,NA,TRUE,FALSE,FALSE,FALSE
"1064",78770,2014,7,7,6,1,NA,NA,NA,NA,TRUE,FALSE,FALSE,FALSE
"1065",78800,2014,7,7,6,1,0,1,NA,0,TRUE,FALSE,FALSE,FALSE
"1066",78370,2014,7,7,6,1,NA,NA,NA,NA,TRUE,FALSE,FALSE,FALSE
"1067",78610,2014,7,7,6,1,NA,NA,NA,NA,TRUE,FALSE,FALSE,FALSE
"1068",79220,2014,7,7,6,1,0,1,NA,0,TRUE,FALSE,FALSE,FALSE
"1069",79480,2014,7,7,6,1,NA,NA,NA,NA,TRUE,FALSE,FALSE,FALSE
"1070",79600,2014,7,7,6,1,NA,NA,NA,NA,TRUE,FALSE,FALSE,FALSE
"1071",79700,2014,7,7,6,1,NA,1,NA,2,TRUE,FALSE,FALSE,FALSE
"1072",79762,2014,7,7,6,1,NA,NA,NA,NA,TRUE,FALSE,FALSE,FALSE
"1073",79764,2014,7,7,6,1,0,1,NA,0,TRUE,FALSE,FALSE,FALSE
"1074",79791,2014,7,7,6,1,NA,NA,NA,NA,TRUE,FALSE,FALSE,FALSE
"1075",80102,2014,7,7,6,1,NA,NA,NA,NA,TRUE,FALSE,FALSE,FALSE
"1076",80200,2014,7,7,6,1,NA,NA,NA,NA,TRUE,FALSE,FALSE,FALSE
"1077",80615,2014,7,7,6,1,NA,NA,NA,NA,TRUE,FALSE,FALSE,FALSE
"1078",80705,2014,7,7,6,1,NA,NA,NA,NA,TRUE,FALSE,FALSE,FALSE
"1079",80707,2014,7,7,6,1,NA,NA,NA,NA,TRUE,FALSE,FALSE,FALSE
"1080",80730,2014,7,7,6,1,NA,NA,NA,NA,TRUE,FALSE,FALSE,FALSE
"1081",80740,2014,7,7,6,1,0,1,NA,0,TRUE,FALSE,FALSE,FALSE
"1082",81420,2014,7,7,6,1,NA,NA,NA,NA,TRUE,FALSE,FALSE,FALSE
"1083",81650,2014,7,7,6,1,0,1,NA,0,TRUE,FALSE,FALSE,FALSE
"1084",81770,2014,7,7,6,1,NA,NA,NA,NA,TRUE,FALSE,FALSE,FALSE
"1085",81775,2014,7,7,6,1,0,1,NA,0,TRUE,FALSE,FALSE,FALSE
"1086",82000,2014,7,7,6,1,0,1,NA,0,TRUE,FALSE,FALSE,FALSE
"1087",81900,2014,7,7,6,1,NA,NA,NA,NA,TRUE,FALSE,FALSE,FALSE
"1088",82020,2014,7,7,6,1,NA,NA,NA,NA,TRUE,FALSE,FALSE,FALSE
"1089",82110,2014,7,7,6,1,NA,NA,NA,NA,TRUE,FALSE,FALSE,FALSE
"1090",82130,2014,7,7,6,1,NA,NA,NA,NA,TRUE,FALSE,FALSE,FALSE
"1091",82650,2014,7,7,6,1,NA,NA,NA,NA,TRUE,FALSE,FALSE,FALSE
"1092",82840,2014,7,7,6,1,NA,NA,NA,NA,TRUE,FALSE,FALSE,FALSE
"1093",82970,2014,7,7,6,1,NA,NA,NA,NA,TRUE,FALSE,FALSE,FALSE
"1094",83280,2014,7,7,6,1,NA,NA,NA,NA,TRUE,FALSE,FALSE,FALSE
"1095",83300,2014,7,7,6,1,NA,NA,NA,NA,TRUE,FALSE,FALSE,FALSE
"1096",83520,2014,7,7,6,1,NA,NA,NA,NA,TRUE,FALSE,FALSE,FALSE
"1097",83710,2014,7,7,6,1,NA,NA,NA,NA,TRUE,FALSE,FALSE,FALSE
"1098",83880,2014,7,7,6,1,NA,NA,NA,NA,TRUE,FALSE,FALSE,FALSE
"1099",83960,2014,7,7,6,1,NA,NA,NA,NA,TRUE,FALSE,FALSE,FALSE
"1100",85040,2014,7,7,6,1,NA,NA,NA,NA,TRUE,FALSE,FALSE,FALSE
"1101",87763,2014,7,7,6,1,NA,NA,NA,NA,TRUE,FALSE,FALSE,FALSE
"1102",84970,2014,7,7,6,1,NA,NA,NA,NA,TRUE,FALSE,FALSE,FALSE
"1103",84971,2014,7,7,6,1,NA,NA,NA,NA,TRUE,FALSE,FALSE,FALSE
"1104",84070,2014,7,7,6,1,NA,NA,NA,NA,TRUE,FALSE,FALSE,FALSE
"1105",88023,2014,7,7,6,1,NA,NA,NA,NA,TRUE,FALSE,FALSE,FALSE
"1106",85840,2014,7,7,6,1,NA,NA,NA,NA,TRUE,FALSE,FALSE,FALSE
"1107",85610,2014,7,7,6,1,NA,NA,NA,NA,TRUE,FALSE,FALSE,FALSE
"1108",85640,2014,7,7,6,1,NA,NA,NA,NA,TRUE,FALSE,FALSE,FALSE
"1109",85540,2014,7,7,6,1,NA,NA,NA,NA,TRUE,FALSE,FALSE,FALSE
"1110",85560,2014,7,7,6,1,NA,NA,NA,NA,TRUE,FALSE,FALSE,FALSE
"1111",86070,2014,7,7,6,1,NA,NA,NA,NA,TRUE,FALSE,FALSE,FALSE
"1112",85380,2014,7,7,6,1,NA,NA,NA,NA,TRUE,FALSE,FALSE,FALSE
"1113",85440,2014,7,7,6,1,NA,NA,NA,NA,TRUE,FALSE,FALSE,FALSE
"1114",85450,2014,7,7,6,1,NA,NA,NA,NA,TRUE,FALSE,FALSE,FALSE
"1115",85470,2014,7,7,6,1,NA,NA,NA,NA,TRUE,FALSE,FALSE,FALSE
"1116",85480,2014,7,7,6,1,NA,NA,NA,NA,TRUE,FALSE,FALSE,FALSE
"1117",86290,2014,7,7,6,1,NA,NA,NA,NA,TRUE,FALSE,FALSE,FALSE
"1118",86300,2014,7,7,6,1,NA,NA,NA,NA,TRUE,FALSE,FALSE,FALSE
"1119",86310,2014,7,7,6,1,NA,NA,NA,NA,TRUE,FALSE,FALSE,FALSE
"1120",86600,2014,7,7,6,1,NA,NA,NA,NA,TRUE,FALSE,FALSE,FALSE
"1121",86740,2014,7,7,6,1,NA,NA,NA,NA,TRUE,FALSE,FALSE,FALSE
"1122",86950,2014,7,7,6,1,NA,NA,NA,NA,TRUE,FALSE,FALSE,FALSE
"1123",86500,2014,7,7,6,1,NA,NA,NA,NA,TRUE,FALSE,FALSE,FALSE
"1124",86520,2014,7,7,6,1,0,1,NA,0,TRUE,FALSE,FALSE,FALSE
"1125",87000,2014,7,7,6,1,NA,NA,NA,NA,TRUE,FALSE,FALSE,FALSE
"1126",87105,2014,7,7,6,1,NA,NA,NA,NA,TRUE,FALSE,FALSE,FALSE
"1127",87110,2014,7,7,6,1,NA,NA,NA,NA,TRUE,FALSE,FALSE,FALSE
"1128",87120,2014,7,7,6,1,NA,NA,NA,NA,TRUE,FALSE,FALSE,FALSE
"1129",85645,2014,7,7,6,1,NA,NA,NA,NA,TRUE,FALSE,FALSE,FALSE
"1130",85660,2014,7,7,6,1,NA,NA,NA,NA,TRUE,FALSE,FALSE,FALSE
"1131",90360,2014,7,7,6,1,NA,NA,NA,NA,TRUE,FALSE,FALSE,FALSE
"1132",90400,2014,7,7,6,1,0,1,NA,0,TRUE,FALSE,FALSE,FALSE
"1133",90450,2014,7,7,6,1,0,1,NA,0,TRUE,FALSE,FALSE,FALSE
"1134",90451,2014,7,7,6,1,0,1,NA,0,TRUE,FALSE,FALSE,FALSE
"1135",90490,2014,7,7,6,1,NA,NA,NA,NA,TRUE,FALSE,FALSE,FALSE
"1136",90491,2014,7,7,6,1,NA,NA,NA,NA,TRUE,FALSE,FALSE,FALSE
"1137",90495,2014,7,7,6,1,0,1,NA,0,TRUE,FALSE,FALSE,FALSE
"1138",90510,2014,7,7,6,1,0,1,NA,0,TRUE,FALSE,FALSE,FALSE
"1139",90560,2014,7,7,6,1,0,1,NA,0,TRUE,FALSE,FALSE,FALSE
"1140",90720,2014,7,7,6,1,NA,NA,NA,NA,TRUE,FALSE,FALSE,FALSE
"1141",90721,2014,7,7,6,1,NA,NA,NA,NA,TRUE,FALSE,FALSE,FALSE
"1142",90980,2014,7,7,6,1,NA,NA,NA,NA,TRUE,FALSE,FALSE,FALSE
"1143",91020,2014,7,7,6,1,NA,NA,NA,NA,TRUE,FALSE,FALSE,FALSE
"1144",91060,2014,7,7,6,1,NA,NA,NA,NA,TRUE,FALSE,FALSE,FALSE
"1145",91080,2014,7,7,6,1,NA,NA,NA,NA,TRUE,FALSE,FALSE,FALSE
"1146",87640,2014,7,7,6,1,NA,NA,NA,NA,TRUE,FALSE,FALSE,FALSE
"1147",87750,2014,7,7,6,1,NA,NA,NA,NA,TRUE,FALSE,FALSE,FALSE
"1148",87315,2014,7,7,6,1,NA,NA,NA,NA,TRUE,FALSE,FALSE,FALSE
"1149",87860,2014,7,7,6,1,NA,NA,NA,NA,TRUE,FALSE,FALSE,FALSE
"1150",87970,2014,7,7,6,1,NA,NA,NA,NA,TRUE,FALSE,FALSE,FALSE
"1151",88100,2014,7,7,6,1,NA,NA,NA,NA,TRUE,FALSE,FALSE,FALSE
"1152",89500,2014,7,7,6,1,NA,NA,NA,NA,TRUE,FALSE,FALSE,FALSE
"1153",89515,2014,7,7,6,1,NA,NA,NA,NA,TRUE,FALSE,FALSE,FALSE
"1154",89650,2014,7,7,6,1,NA,NA,NA,NA,TRUE,FALSE,FALSE,FALSE
"1155",89120,2014,7,7,6,1,NA,NA,NA,NA,TRUE,FALSE,FALSE,FALSE
"1156",89130,2014,7,7,6,1,NA,NA,NA,NA,TRUE,FALSE,FALSE,FALSE
"1157",89350,2014,7,7,6,1,NA,NA,NA,NA,TRUE,FALSE,FALSE,FALSE
"1158",89360,2014,7,7,6,1,NA,NA,NA,NA,TRUE,FALSE,FALSE,FALSE
"1159",89920,2014,7,7,6,1,NA,NA,NA,NA,TRUE,FALSE,FALSE,FALSE
"1160",89940,2014,7,7,6,1,0,1,NA,0,TRUE,FALSE,FALSE,FALSE
"1161",90050,2014,7,7,6,1,NA,NA,NA,NA,TRUE,FALSE,FALSE,FALSE
"1162",89213,2014,7,7,6,1,NA,NA,NA,NA,TRUE,FALSE,FALSE,FALSE
"1163",89233,2014,7,7,6,1,NA,NA,NA,NA,TRUE,FALSE,FALSE,FALSE
"1164",88440,2014,7,7,6,1,NA,NA,NA,NA,TRUE,FALSE,FALSE,FALSE
"1165",88460,2014,7,7,6,1,NA,NA,NA,NA,TRUE,FALSE,FALSE,FALSE
"1166",88500,2014,7,7,6,1,NA,NA,NA,NA,TRUE,FALSE,FALSE,FALSE
"1167",88600,2014,7,7,6,1,NA,NA,NA,NA,TRUE,FALSE,FALSE,FALSE
"1168",88623,2014,7,7,6,1,NA,NA,NA,NA,TRUE,FALSE,FALSE,FALSE
"1169",88626,2014,7,7,6,1,NA,NA,NA,NA,TRUE,FALSE,FALSE,FALSE
"1170",88628,2014,7,7,6,1,NA,NA,NA,NA,TRUE,FALSE,FALSE,FALSE
"1171",88200,2014,7,7,6,1,NA,NA,NA,NA,TRUE,FALSE,FALSE,FALSE
"1172",88630,2014,7,7,6,1,NA,NA,NA,NA,TRUE,FALSE,FALSE,FALSE
"1173",88640,2014,7,7,6,1,NA,NA,NA,NA,TRUE,FALSE,FALSE,FALSE
"1174",88660,2014,7,7,6,1,NA,NA,NA,NA,TRUE,FALSE,FALSE,FALSE
"1175",88690,2014,7,7,6,1,NA,NA,NA,NA,TRUE,FALSE,FALSE,FALSE
"1176",89010,2014,7,7,6,1,NA,NA,NA,NA,TRUE,FALSE,FALSE,FALSE
"1177",89980,2014,7,7,6,1,NA,NA,NA,NA,TRUE,FALSE,FALSE,FALSE
"1178",89985,2014,7,7,6,1,NA,NA,NA,NA,TRUE,FALSE,FALSE,FALSE
"1179",90250,2014,7,7,6,1,NA,NA,NA,NA,TRUE,FALSE,FALSE,FALSE
"1180",90305,2014,7,7,6,1,NA,NA,NA,NA,TRUE,FALSE,FALSE,FALSE
"1181",90630,2014,7,7,6,1,NA,NA,NA,NA,TRUE,FALSE,FALSE,FALSE
"1182",90650,2014,7,7,6,1,NA,NA,NA,NA,TRUE,FALSE,FALSE,FALSE
"1183",90750,2014,7,7,6,1,NA,NA,NA,NA,TRUE,FALSE,FALSE,FALSE
"1184",90760,2014,7,7,6,1,NA,NA,NA,NA,TRUE,FALSE,FALSE,FALSE
"1185",90800,2014,7,7,6,1,NA,NA,NA,NA,TRUE,FALSE,FALSE,FALSE
"1186",91120,2014,7,7,6,1,NA,NA,NA,NA,TRUE,FALSE,FALSE,FALSE
"1187",91130,2014,7,7,6,1,NA,NA,NA,NA,TRUE,FALSE,FALSE,FALSE
"1188",91150,2014,7,7,6,1,NA,NA,NA,NA,TRUE,FALSE,FALSE,FALSE
"1189",91180,2014,7,7,6,1,NA,NA,NA,NA,TRUE,FALSE,FALSE,FALSE
"1190",91245,2014,7,7,6,1,NA,NA,NA,NA,TRUE,FALSE,FALSE,FALSE
"1191",91380,2014,7,7,6,1,NA,NA,NA,NA,TRUE,FALSE,FALSE,FALSE
"1192",91430,2014,7,7,6,1,NA,NA,NA,NA,TRUE,FALSE,FALSE,FALSE
"1193",91480,2014,7,7,6,1,NA,NA,NA,NA,TRUE,FALSE,FALSE,FALSE
"1194",91500,2014,7,7,6,1,0,1,NA,0,TRUE,FALSE,TRUE,FALSE
"1195",91505,2014,7,7,6,1,NA,NA,NA,NA,TRUE,FALSE,FALSE,FALSE
"1196",91510,2014,7,7,6,1,NA,NA,NA,NA,TRUE,FALSE,FALSE,FALSE
"1197",91660,2014,7,7,6,1,NA,NA,NA,NA,TRUE,FALSE,FALSE,FALSE
"1198",91695,2014,7,7,6,1,NA,NA,NA,NA,TRUE,FALSE,FALSE,FALSE
"1199",91715,2014,7,7,6,1,NA,NA,NA,NA,TRUE,FALSE,FALSE,FALSE
"1200",91725,2014,7,7,6,1,NA,NA,NA,NA,TRUE,FALSE,FALSE,FALSE
"1201",91727,2014,7,7,6,1,NA,NA,NA,NA,TRUE,FALSE,FALSE,FALSE
"1202",91728,2014,7,7,6,1,NA,NA,NA,NA,TRUE,FALSE,FALSE,FALSE
"1203",91729,2014,7,7,6,1,NA,NA,NA,NA,TRUE,FALSE,FALSE,FALSE
"1204",91730,2014,7,7,6,1,NA,NA,NA,NA,TRUE,FALSE,FALSE,FALSE
"1205",91740,2014,7,7,6,1,NA,NA,NA,NA,TRUE,FALSE,FALSE,FALSE
"1206",92170,2014,7,7,6,1,NA,NA,NA,NA,TRUE,FALSE,FALSE,FALSE
"1207",91890,2014,7,7,6,1,NA,NA,NA,NA,TRUE,FALSE,FALSE,FALSE
"1208",92350,2014,7,7,6,1,NA,NA,NA,NA,TRUE,FALSE,FALSE,FALSE
"1209",92500,2014,7,7,6,1,NA,NA,NA,NA,TRUE,FALSE,FALSE,FALSE
"1210",98550,2014,7,7,6,1,NA,NA,NA,NA,TRUE,FALSE,FALSE,FALSE
"1211",98560,2014,7,7,6,1,NA,NA,NA,NA,TRUE,FALSE,FALSE,FALSE
"1212",98580,2014,7,7,6,1,NA,NA,NA,NA,TRUE,FALSE,FALSE,FALSE
"1213",98590,2014,7,7,6,1,NA,NA,NA,NA,TRUE,FALSE,FALSE,FALSE
"1214",98630,2014,7,7,6,1,NA,NA,NA,NA,TRUE,FALSE,FALSE,FALSE
"1215",98790,2014,7,7,6,1,NA,NA,NA,NA,TRUE,FALSE,FALSE,FALSE
"1216",94245,2014,7,7,6,1,NA,NA,NA,NA,TRUE,FALSE,FALSE,FALSE
"1217",94255,2014,7,7,6,1,NA,NA,NA,NA,TRUE,FALSE,FALSE,FALSE
"1218",94270,2014,7,7,6,1,NA,NA,NA,NA,TRUE,FALSE,FALSE,FALSE
"1219",94280,2014,7,7,6,1,0,1,NA,0,TRUE,FALSE,FALSE,FALSE
"1220",94281,2014,7,7,6,1,NA,NA,NA,NA,TRUE,FALSE,FALSE,FALSE
"1221",94290,2014,7,7,6,1,NA,NA,NA,NA,TRUE,FALSE,FALSE,FALSE
"1222",93301,2014,7,7,6,1,NA,NA,NA,NA,TRUE,FALSE,FALSE,FALSE
"1223",93610,2014,7,7,6,1,NA,NA,NA,NA,TRUE,FALSE,FALSE,FALSE
"1224",93680,2014,7,7,6,1,NA,NA,NA,NA,TRUE,FALSE,FALSE,FALSE
"1225",93700,2014,7,7,6,1,NA,NA,NA,NA,TRUE,FALSE,FALSE,FALSE
"1226",93900,2014,7,7,6,1,NA,NA,NA,NA,TRUE,FALSE,FALSE,FALSE
"1227",92895,2014,7,7,6,1,NA,NA,NA,NA,TRUE,FALSE,FALSE,FALSE
"1228",92900,2014,7,7,6,1,NA,NA,NA,NA,TRUE,FALSE,FALSE,FALSE
"1229",92910,2014,7,7,6,1,NA,NA,NA,NA,TRUE,FALSE,FALSE,FALSE
"1230",93090,2014,7,7,6,1,NA,NA,NA,NA,TRUE,FALSE,FALSE,FALSE
"1231",93140,2014,7,7,6,1,0,1,NA,0,TRUE,FALSE,FALSE,FALSE
"1232",94230,2014,7,7,6,1,NA,NA,NA,NA,TRUE,FALSE,FALSE,FALSE
"1233",92600,2014,7,7,6,1,NA,NA,NA,NA,TRUE,FALSE,FALSE,FALSE
"1234",92860,2014,7,7,6,1,NA,NA,NA,NA,TRUE,FALSE,FALSE,FALSE
"1235",92880,2014,7,7,6,1,NA,NA,NA,NA,TRUE,FALSE,FALSE,FALSE
"1236",92750,2014,7,7,6,1,NA,NA,NA,NA,TRUE,FALSE,FALSE,FALSE
"1237",93000,2014,7,7,6,1,NA,NA,NA,NA,TRUE,FALSE,FALSE,FALSE
"1238",94130,2014,7,7,6,1,NA,NA,NA,NA,TRUE,FALSE,FALSE,FALSE
"1239",94170,2014,7,7,6,1,NA,NA,NA,NA,TRUE,FALSE,FALSE,FALSE
"1240",94195,2014,7,7,6,1,NA,NA,NA,NA,TRUE,FALSE,FALSE,FALSE
"1241",94500,2014,7,7,6,1,NA,NA,NA,NA,TRUE,FALSE,FALSE,FALSE
"1242",94650,2014,7,7,6,1,NA,NA,NA,NA,TRUE,FALSE,FALSE,FALSE
"1243",94640,2014,7,7,6,1,NA,NA,NA,NA,TRUE,FALSE,FALSE,FALSE
"1244",94670,2014,7,7,6,1,NA,NA,NA,NA,TRUE,FALSE,FALSE,FALSE
"1245",94680,2014,7,7,6,1,NA,NA,NA,NA,TRUE,FALSE,FALSE,FALSE
"1246",94710,2014,7,7,6,1,NA,NA,NA,NA,TRUE,FALSE,FALSE,FALSE
"1247",94800,2014,7,7,6,1,NA,NA,NA,NA,TRUE,FALSE,FALSE,FALSE
"1248",94805,2014,7,7,6,1,NA,NA,NA,NA,TRUE,FALSE,FALSE,FALSE
"1249",94870,2014,7,7,6,1,NA,NA,NA,NA,TRUE,FALSE,FALSE,FALSE
"1250",94990,2014,7,7,6,1,NA,NA,NA,NA,TRUE,FALSE,FALSE,FALSE
"1251",95350,2014,7,7,6,1,NA,NA,NA,NA,TRUE,FALSE,FALSE,FALSE
"1252",95610,2014,7,7,6,1,NA,NA,NA,NA,TRUE,FALSE,FALSE,FALSE
"1253",97120,2014,7,7,6,1,NA,NA,NA,NA,TRUE,FALSE,FALSE,FALSE
"1254",97251,2014,7,7,6,1,0,1,NA,0,TRUE,FALSE,FALSE,FALSE
"1255",97350,2014,7,7,6,1,NA,NA,NA,NA,TRUE,FALSE,FALSE,FALSE
"1256",97700,2014,7,7,6,1,NA,NA,NA,NA,TRUE,FALSE,FALSE,FALSE
"1257",97710,2014,7,7,6,1,NA,NA,NA,NA,TRUE,FALSE,FALSE,FALSE
"1258",95900,2014,7,7,6,1,NA,NA,NA,NA,TRUE,FALSE,FALSE,FALSE
"1259",96220,2014,7,7,6,1,NA,NA,NA,NA,TRUE,FALSE,FALSE,FALSE
"1260",96250,2014,7,7,6,1,NA,NA,NA,NA,TRUE,FALSE,FALSE,FALSE
"1261",96310,2014,7,7,6,1,NA,NA,NA,NA,TRUE,FALSE,FALSE,FALSE
"1262",96400,2014,7,7,6,1,NA,NA,NA,NA,TRUE,FALSE,FALSE,FALSE
"1263",96560,2014,7,7,6,1,NA,NA,NA,NA,TRUE,FALSE,FALSE,FALSE
"1264",96600,2014,7,7,6,1,NA,NA,NA,NA,TRUE,FALSE,FALSE,FALSE
"1265",98090,2014,7,7,6,1,NA,NA,NA,NA,TRUE,FALSE,FALSE,FALSE
"1266",98265,2014,7,7,6,1,NA,NA,NA,NA,TRUE,FALSE,FALSE,FALSE
"1267",96850,2014,7,7,6,1,0,1,NA,0,TRUE,FALSE,FALSE,FALSE
"1268",96931,2014,7,7,6,1,NA,NA,NA,NA,TRUE,FALSE,FALSE,FALSE
"1269",96970,2014,7,7,6,1,NA,NA,NA,NA,TRUE,FALSE,FALSE,FALSE
"1270",98360,2014,7,7,6,1,NA,NA,NA,NA,TRUE,FALSE,FALSE,FALSE
"1271",98400,2014,7,7,6,1,NA,NA,NA,NA,TRUE,FALSE,FALSE,FALSE
"1272",99340,2014,7,7,6,1,NA,NA,NA,NA,TRUE,FALSE,FALSE,FALSE
"1273",99370,2014,7,7,6,1,NA,NA,NA,NA,TRUE,FALSE,FALSE,FALSE
"1274",99380,2014,7,7,6,1,NA,NA,NA,NA,TRUE,FALSE,FALSE,FALSE
"1275",99420,2014,7,7,6,1,NA,NA,NA,NA,TRUE,FALSE,FALSE,FALSE
"1276",99430,2014,7,7,6,1,NA,NA,NA,NA,TRUE,FALSE,FALSE,FALSE
"1277",99460,2014,7,7,6,1,0,1,NA,0,TRUE,FALSE,FALSE,FALSE
"1278",99500,2014,7,7,6,1,NA,NA,NA,NA,TRUE,FALSE,FALSE,FALSE
"1279",99540,2014,7,7,6,1,0,1,NA,0,TRUE,FALSE,FALSE,FALSE
"1280",77063,2014,7,7,6,1,NA,NA,NA,NA,TRUE,FALSE,FALSE,FALSE
"1281",77064,2014,7,7,6,1,NA,NA,NA,NA,TRUE,FALSE,FALSE,FALSE
